[2026-06-08 14:47:40Z INFO HostContext] No proxy settings were found based on environmental variables (http_proxy/https_proxy/HTTP_PROXY/HTTPS_PROXY)
[2026-06-08 14:47:40Z INFO HostContext] Well known directory 'Bin': 'C:\Users\mrbob\Desktop\devsopserver\actions-runner\actions-runner\actions-runner\bin'
[2026-06-08 14:47:40Z INFO HostContext] Well known directory 'Root': 'C:\Users\mrbob\Desktop\devsopserver\actions-runner\actions-runner\actions-runner'
[2026-06-08 14:47:40Z INFO HostContext] Well known config file 'Credentials': 'C:\Users\mrbob\Desktop\devsopserver\actions-runner\actions-runner\actions-runner\.credentials'
[2026-06-08 14:47:40Z INFO HostContext] Well known directory 'Bin': 'C:\Users\mrbob\Desktop\devsopserver\actions-runner\actions-runner\actions-runner\bin'
[2026-06-08 14:47:40Z INFO HostContext] Well known directory 'Root': 'C:\Users\mrbob\Desktop\devsopserver\actions-runner\actions-runner\actions-runner'
[2026-06-08 14:47:40Z INFO HostContext] Well known config file 'Runner': 'C:\Users\mrbob\Desktop\devsopserver\actions-runner\actions-runner\actions-runner\.runner'
[2026-06-08 14:47:40Z INFO Worker] Version: 2.334.0
[2026-06-08 14:47:40Z INFO Worker] Commit: f1995ede5d885c997d13d8eca5467c4ce97fe69c
[2026-06-08 14:47:40Z INFO Worker] Culture: en-US
[2026-06-08 14:47:40Z INFO Worker] UI Culture: en-US
[2026-06-08 14:47:40Z INFO Worker] Waiting to receive the job message from the channel.
[2026-06-08 14:47:40Z INFO ProcessChannel] Receiving message of length 34532, with hash 'be77ce1de2ef91f2704a6ccccbcc12cc7ca5344b7a8f80c847de99536e6857d5'
[2026-06-08 14:47:40Z INFO Worker] Message received.
[2026-06-08 14:47:40Z INFO Worker] Job message:
 {
  "fileTable": [
    ".github/workflows/deploy.yml"
  ],
  "mask": [
    {
      "type": "regex",
      "value": "***"
    },
    {
      "type": "regex",
      "value": "***"
    },
    {
      "type": "regex",
      "value": "***"
    },
    {
      "type": "regex",
      "value": "***"
    },
    {
      "type": "regex",
      "value": "***"
    },
    {
      "type": "regex",
      "value": "***"
    },
    {
      "type": "regex",
      "value": "***"
    },
    {
      "type": "regex",
      "value": "***"
    },
    {
      "type": "regex",
      "value": "***"
    },
    {
      "type": "regex",
      "value": "***"
    },
    {
      "type": "regex",
      "value": "***"
    },
    {
      "type": "regex",
      "value": "***"
    },
    {
      "type": "regex",
      "value": "***"
    },
    {
      "type": "regex",
      "value": "***"
    },
    {
      "type": "regex",
      "value": "***"
    },
    {
      "type": "regex",
      "value": "***"
    },
    {
      "type": "regex",
      "value": "***"
    },
    {
      "type": "regex",
      "value": "***"
    },
    {
      "type": "regex",
      "value": "***"
    },
    {
      "type": "regex",
      "value": "***"
    },
    {
      "type": "regex",
      "value": "***"
    },
    {
      "type": "regex",
      "value": "***"
    },
    {
      "type": "regex",
      "value": "***"
    },
    {
      "type": "regex",
      "value": "***"
    }
  ],
  "steps": [
    {
      "type": "action",
      "reference": {
        "type": "script"
      },
      "displayNameToken": {
        "type": 0,
        "file": 1,
        "line": 13,
        "col": 15,
        "lit": "Deploy"
      },
      "contextName": "__run",
      "inputs": {
        "type": 2,
        "map": [
          {
            "key": "script",
            "value": {
              "type": 0,
              "file": 1,
              "line": 14,
              "col": 14,
              "lit": "cd /Users/sovannarith/Documents/Desktop__/15_SOEUN_SOVANNARITH_PVH_Web_Homework005/my_app\ngit pull origin main\ndocker compose down\ndocker compose up -d --build --force-recreate\ndocker image prune -f"
            }
          }
        ]
      },
      "condition": "success()",
      "id": "8f1d0c2f-5312-4d8e-b9df-0cf4f61b66e3",
      "name": "__run"
    }
  ],
  "variables": {
    "Actions.EnableHttpRedirects": {
      "value": "true"
    },
    "DistributedTask.AddWarningToNode12Action": {
      "value": "true"
    },
    "DistributedTask.AddWarningToNode16Action": {
      "value": "true"
    },
    "DistributedTask.AllowRunnerContainerHooks": {
      "value": "true"
    },
    "DistributedTask.DeprecateStepOutputCommands": {
      "value": "true"
    },
    "DistributedTask.DetailUntarFailure": {
      "value": "true"
    },
    "DistributedTask.EnableCompositeActions": {
      "value": "true"
    },
    "DistributedTask.EnableJobServerQueueTelemetry": {
      "value": "true"
    },
    "DistributedTask.EnhancedAnnotations": {
      "value": "true"
    },
    "DistributedTask.ForceGithubJavascriptActionsToNode16": {
      "value": "true"
    },
    "DistributedTask.ForceGithubJavascriptActionsToNode20": {
      "value": "true"
    },
    "DistributedTask.LogTemplateErrorsAsDebugMessages": {
      "value": "true"
    },
    "DistributedTask.MarkJobAsFailedOnWorkerCrash": {
      "value": "true"
    },
    "DistributedTask.NewActionMetadata": {
      "value": "true"
    },
    "DistributedTask.UploadStepSummary": {
      "value": "true"
    },
    "DistributedTask.UseActionArchiveCache": {
      "value": "true"
    },
    "DistributedTask.UseWhich2": {
      "value": "true"
    },
    "RunService.FixEmbeddedIssues": {
      "value": "true"
    },
    "actions.runner.requirenode24": {
      "value": "false"
    },
    "actions.runner.usenode24bydefault": {
      "value": "false"
    },
    "actions.runner.warnonnode20": {
      "value": "true"
    },
    "actions_add_check_run_id_to_job_context": {
      "value": "true"
    },
    "actions_batch_action_resolution": {
      "value": "false"
    },
    "actions_container_action_runner_temp": {
      "value": "true"
    },
    "actions_display_helpful_actions_download_errors": {
      "value": "true"
    },
    "actions_runner_compare_workflow_parser": {
      "value": "false"
    },
    "actions_runner_deprecate_linux_arm32": {
      "value": "false"
    },
    "actions_runner_emit_composite_markers": {
      "value": "false"
    },
    "actions_runner_kill_linux_arm32": {
      "value": "false"
    },
    "actions_runner_node20_removal_date": {
      "value": ""
    },
    "actions_runner_node24_default_date": {
      "value": "June 16th, 2026"
    },
    "actions_service_container_command": {
      "value": "true"
    },
    "actions_set_orchestration_id_env_for_actions": {
      "value": "true"
    },
    "actions_skip_retry_complete_job_upon_known_errors": {
      "value": "true"
    },
    "actions_snapshot_preflight_hosted_runner_check": {
      "value": "false"
    },
    "actions_snapshot_preflight_image_gen_pool_check": {
      "value": "false"
    },
    "actions_use_bearer_token_for_codeload": {
      "value": "false"
    },
    "actions_uses_cache_service_v2": {
      "value": "true"
    },
    "github_token": {
      "value": "***",
      "isSecret": true
    },
    "system.from_run_service": {
      "value": "true"
    },
    "system.github.job": {
      "value": "deploy"
    },
    "system.github.launch_endpoint": {
      "value": "https://launch.actions.githubusercontent.com"
    },
    "system.github.results_endpoint": {
      "value": "https://results-receiver.actions.githubusercontent.com/"
    },
    "system.github.results_upload_with_sdk": {
      "value": "true"
    },
    "system.github.token": {
      "value": "***",
      "isSecret": true
    },
    "system.github.token.permissions": {
      "value": "{\"Contents\":\"read\",\"Metadata\":\"read\",\"Packages\":\"read\"}"
    },
    "system.orchestrationId": {
      "value": "9377bd1a-a9a3-4cdf-968a-2d75c0738954.deploy.__default"
    },
    "system.phaseDisplayName": {
      "value": "deploy"
    },
    "system.runner.lowdiskspacethreshold": {
      "value": "100"
    },
    "system.runnerEnvironment": {
      "value": "self-hosted"
    },
    "system.runnerGroupName": {
      "value": "Default"
    }
  },
  "messageType": "RunnerJobRequest",
  "plan": {
    "scopeIdentifier": "00000000-0000-0000-0000-000000000000",
    "planType": "actions",
    "version": 0,
    "planId": "9377bd1a-a9a3-4cdf-968a-2d75c0738954",
    "planGroup": null,
    "artifactUri": null,
    "artifactLocation": null,
    "definition": null,
    "owner": null
  },
  "timeline": {
    "id": "9377bd1a-a9a3-4cdf-968a-2d75c0738954",
    "changeId": 0,
    "location": null
  },
  "jobId": "c1224da2-0011-5934-bcf4-b876934a0da4",
  "jobDisplayName": "deploy",
  "jobName": "__default",
  "requestId": 0,
  "lockedUntil": "0001-01-01T00:00:00",
  "resources": {
    "endpoints": [
      {
        "data": {
          "ServerId": "",
          "ServerName": "",
          "CacheServerUrl": "https://artifactcache.actions.githubusercontent.com/JTxBlMAHgkCOhzmlO7NaY3TsafxQWoWVuPwCgirzNHnvvyywn2/",
          "FeedStreamUrl": "wss://results-receiver.actions.githubusercontent.com/_ws/ingest.sock",
          "ResultsServiceUrl": "https://results-receiver.actions.githubusercontent.com/",
          "PipelinesServiceUrl": "https://pipelinesghubeus25.actions.githubusercontent.com/JTxBlMAHgkCOhzmlO7NaY3TsafxQWoWVuPwCgirzNHnvvyywn2/",
          "GenerateIdTokenUrl": "",
          "ConnectivityChecks": "[\"https://broker.actions.githubusercontent.com/health\",\"https://token.actions.githubusercontent.com/ready\",\"https://run.actions.githubusercontent.com/health\"]"
        },
        "name": "SystemVssConnection",
        "url": "https://run-actions-1-azure-eastus.actions.githubusercontent.com/52/",
        "authorization": {
          "parameters": {
            "AccessToken": "***"
          },
          "scheme": "OAuth"
        },
        "isShared": false,
        "isReady": true
      }
    ]
  },
  "contextData": {
    "github": {
      "t": 2,
      "d": [
        {
          "k": "ref",
          "v": "refs/heads/main"
        },
        {
          "k": "sha",
          "v": "9fc870f39f1f9f64525628ee063c3fb21c3300ae"
        },
        {
          "k": "repository",
          "v": "oeunchhinh-ux/devopsserver"
        },
        {
          "k": "repository_owner",
          "v": "oeunchhinh-ux"
        },
        {
          "k": "repository_owner_id",
          "v": "255172684"
        },
        {
          "k": "repositoryUrl",
          "v": "git://github.com/oeunchhinh-ux/devopsserver.git"
        },
        {
          "k": "run_id",
          "v": "27138370956"
        },
        {
          "k": "run_number",
          "v": "1"
        },
        {
          "k": "retention_days",
          "v": "90"
        },
        {
          "k": "run_attempt",
          "v": "1"
        },
        {
          "k": "artifact_cache_size_limit",
          "v": "10"
        },
        {
          "k": "repository_visibility",
          "v": "public"
        },
        {
          "k": "actor_id",
          "v": "255172684"
        },
        {
          "k": "actor",
          "v": "oeunchhinh-ux"
        },
        {
          "k": "workflow",
          "v": "Deploy to VM"
        },
        {
          "k": "head_ref",
          "v": ""
        },
        {
          "k": "base_ref",
          "v": ""
        },
        {
          "k": "event_name",
          "v": "push"
        },
        {
          "k": "server_url",
          "v": "https://github.com"
        },
        {
          "k": "api_url",
          "v": "https://api.github.com"
        },
        {
          "k": "graphql_url",
          "v": "https://api.github.com/graphql"
        },
        {
          "k": "ref_name",
          "v": "main"
        },
        {
          "k": "ref_protected",
          "v": false
        },
        {
          "k": "ref_type",
          "v": "branch"
        },
        {
          "k": "secret_source",
          "v": "Actions"
        },
        {
          "k": "event",
          "v": {
            "t": 2,
            "d": [
              {
                "k": "after",
                "v": "9fc870f39f1f9f64525628ee063c3fb21c3300ae"
              },
              {
                "k": "base_ref",
                "v": null
              },
              {
                "k": "before",
                "v": "0000000000000000000000000000000000000000"
              },
              {
                "k": "commits",
                "v": {
                  "t": 1,
                  "a": [
                    {
                      "t": 2,
                      "d": [
                        {
                          "k": "author",
                          "v": {
                            "t": 2,
                            "d": [
                              {
                                "k": "email",
                                "v": "soeunsovannarith64@gmail.com"
                              },
                              {
                                "k": "name",
                                "v": "Soeun-Sovannarith"
                              },
                              {
                                "k": "username",
                                "v": "Soeun-Sovannarith"
                              }
                            ]
                          }
                        },
                        {
                          "k": "committer",
                          "v": {
                            "t": 2,
                            "d": [
                              {
                                "k": "email",
                                "v": "soeunsovannarith64@gmail.com"
                              },
                              {
                                "k": "name",
                                "v": "Soeun-Sovannarith"
                              },
                              {
                                "k": "username",
                                "v": "Soeun-Sovannarith"
                              }
                            ]
                          }
                        },
                        {
                          "k": "distinct",
                          "v": true
                        },
                        {
                          "k": "id",
                          "v": "5fc2be86a37ecb5711f7f578141e732040fb2985"
                        },
                        {
                          "k": "message",
                          "v": "deploy another time"
                        },
                        {
                          "k": "timestamp",
                          "v": "2026-05-17T23:37:43+07:00"
                        },
                        {
                          "k": "tree_id",
                          "v": "841740ceff6b8d903c0036e71f70737c9e712fda"
                        },
                        {
                          "k": "url",
                          "v": "https://github.com/oeunchhinh-ux/devopsserver/commit/5fc2be86a37ecb5711f7f578141e732040fb2985"
                        }
                      ]
                    },
                    {
                      "t": 2,
                      "d": [
                        {
                          "k": "author",
                          "v": {
                            "t": 2,
                            "d": [
                              {
                                "k": "email",
                                "v": "soeunsovannarith64@gmail.com"
                              },
                              {
                                "k": "name",
                                "v": "Soeun-Sovannarith"
                              },
                              {
                                "k": "username",
                                "v": "Soeun-Sovannarith"
                              }
                            ]
                          }
                        },
                        {
                          "k": "committer",
                          "v": {
                            "t": 2,
                            "d": [
                              {
                                "k": "email",
                                "v": "soeunsovannarith64@gmail.com"
                              },
                              {
                                "k": "name",
                                "v": "Soeun-Sovannarith"
                              },
                              {
                                "k": "username",
                                "v": "Soeun-Sovannarith"
                              }
                            ]
                          }
                        },
                        {
                          "k": "distinct",
                          "v": true
                        },
                        {
                          "k": "id",
                          "v": "1f82d6ea33a485c3860782f3ade24e962a61b384"
                        },
                        {
                          "k": "message",
                          "v": "refactor deploy.yml"
                        },
                        {
                          "k": "timestamp",
                          "v": "2026-05-17T23:40:16+07:00"
                        },
                        {
                          "k": "tree_id",
                          "v": "6e7ef857965a2f126d04900925c71050777c6acf"
                        },
                        {
                          "k": "url",
                          "v": "https://github.com/oeunchhinh-ux/devopsserver/commit/1f82d6ea33a485c3860782f3ade24e962a61b384"
                        }
                      ]
                    },
                    {
                      "t": 2,
                      "d": [
                        {
                          "k": "author",
                          "v": {
                            "t": 2,
                            "d": [
                              {
                                "k": "email",
                                "v": "soeunsovannarith64@gmail.com"
                              },
                              {
                                "k": "name",
                                "v": "Soeun-Sovannarith"
                              },
                              {
                                "k": "username",
                                "v": "Soeun-Sovannarith"
                              }
                            ]
                          }
                        },
                        {
                          "k": "committer",
                          "v": {
                            "t": 2,
                            "d": [
                              {
                                "k": "email",
                                "v": "soeunsovannarith64@gmail.com"
                              },
                              {
                                "k": "name",
                                "v": "Soeun-Sovannarith"
                              },
                              {
                                "k": "username",
                                "v": "Soeun-Sovannarith"
                              }
                            ]
                          }
                        },
                        {
                          "k": "distinct",
                          "v": true
                        },
                        {
                          "k": "id",
                          "v": "e0149179c187d30562a9fb6c973feedf6641ce0d"
                        },
                        {
                          "k": "message",
                          "v": "redeploy"
                        },
                        {
                          "k": "timestamp",
                          "v": "2026-05-17T23:45:04+07:00"
                        },
                        {
                          "k": "tree_id",
                          "v": "9d721b06f86c37a1354d8bc65a14c5b808cd9227"
                        },
                        {
                          "k": "url",
                          "v": "https://github.com/oeunchhinh-ux/devopsserver/commit/e0149179c187d30562a9fb6c973feedf6641ce0d"
                        }
                      ]
                    },
                    {
                      "t": 2,
                      "d": [
                        {
                          "k": "author",
                          "v": {
                            "t": 2,
                            "d": [
                              {
                                "k": "email",
                                "v": "mrbob101signal@gmail.com"
                              },
                              {
                                "k": "name",
                                "v": "Bob Bad Boy"
                              },
                              {
                                "k": "username",
                                "v": "mrbob101signal-bit"
                              }
                            ]
                          }
                        },
                        {
                          "k": "committer",
                          "v": {
                            "t": 2,
                            "d": [
                              {
                                "k": "email",
                                "v": "mrbob101signal@gmail.com"
                              },
                              {
                                "k": "name",
                                "v": "Bob Bad Boy"
                              },
                              {
                                "k": "username",
                                "v": "mrbob101signal-bit"
                              }
                            ]
                          }
                        },
                        {
                          "k": "distinct",
                          "v": true
                        },
                        {
                          "k": "id",
                          "v": "1a083e8d77f053818f8e9da86cdb33480d704cb7"
                        },
                        {
                          "k": "message",
                          "v": "make changes"
                        },
                        {
                          "k": "timestamp",
                          "v": "2026-05-25T19:24:00+07:00"
                        },
                        {
                          "k": "tree_id",
                          "v": "ff410b24e298a068a4fa9031b602f766a54eb386"
                        },
                        {
                          "k": "url",
                          "v": "https://github.com/oeunchhinh-ux/devopsserver/commit/1a083e8d77f053818f8e9da86cdb33480d704cb7"
                        }
                      ]
                    },
                    {
                      "t": 2,
                      "d": [
                        {
                          "k": "author",
                          "v": {
                            "t": 2,
                            "d": [
                              {
                                "k": "email",
                                "v": "sereysunteang@gmail.com"
                              },
                              {
                                "k": "name",
                                "v": "Sunteang"
                              },
                              {
                                "k": "username",
                                "v": "Sunteang"
                              }
                            ]
                          }
                        },
                        {
                          "k": "committer",
                          "v": {
                            "t": 2,
                            "d": [
                              {
                                "k": "email",
                                "v": "sereysunteang@gmail.com"
                              },
                              {
                                "k": "name",
                                "v": "Sunteang"
                              },
                              {
                                "k": "username",
                                "v": "Sunteang"
                              }
                            ]
                          }
                        },
                        {
                          "k": "distinct",
                          "v": true
                        },
                        {
                          "k": "id",
                          "v": "60d86431d42fc435e492d4884df1c569384222f0"
                        },
                        {
                          "k": "message",
                          "v": "update navbar title"
                        },
                        {
                          "k": "timestamp",
                          "v": "2026-05-25T19:08:19+07:00"
                        },
                        {
                          "k": "tree_id",
                          "v": "c3712fbd5e10c5079b89f0c79d9f22e3518c9533"
                        },
                        {
                          "k": "url",
                          "v": "https://github.com/oeunchhinh-ux/devopsserver/commit/60d86431d42fc435e492d4884df1c569384222f0"
                        }
                      ]
                    },
                    {
                      "t": 2,
                      "d": [
                        {
                          "k": "author",
                          "v": {
                            "t": 2,
                            "d": [
                              {
                                "k": "email",
                                "v": "mrbob101signal@gmail.com"
                              },
                              {
                                "k": "name",
                                "v": "Bob Bad Boy"
                              },
                              {
                                "k": "username",
                                "v": "mrbob101signal-bit"
                              }
                            ]
                          }
                        },
                        {
                          "k": "committer",
                          "v": {
                            "t": 2,
                            "d": [
                              {
                                "k": "email",
                                "v": "mrbob101signal@gmail.com"
                              },
                              {
                                "k": "name",
                                "v": "Bob Bad Boy"
                              },
                              {
                                "k": "username",
                                "v": "mrbob101signal-bit"
                              }
                            ]
                          }
                        },
                        {
                          "k": "distinct",
                          "v": true
                        },
                        {
                          "k": "id",
                          "v": "3cff2de91fe379006ea210ccff0a76133ecacea8"
                        },
                        {
                          "k": "message",
                          "v": "make changes"
                        },
                        {
                          "k": "timestamp",
                          "v": "2026-05-25T19:26:55+07:00"
                        },
                        {
                          "k": "tree_id",
                          "v": "6fe2fe2b61692755523b2e35e84344c032f15bec"
                        },
                        {
                          "k": "url",
                          "v": "https://github.com/oeunchhinh-ux/devopsserver/commit/3cff2de91fe379006ea210ccff0a76133ecacea8"
                        }
                      ]
                    },
                    {
                      "t": 2,
                      "d": [
                        {
                          "k": "author",
                          "v": {
                            "t": 2,
                            "d": [
                              {
                                "k": "email",
                                "v": "sonarithvothy1@gmail.com"
                              },
                              {
                                "k": "name",
                                "v": "SonarithVothy"
                              },
                              {
                                "k": "username",
                                "v": "Rith1111"
                              }
                            ]
                          }
                        },
                        {
                          "k": "committer",
                          "v": {
                            "t": 2,
                            "d": [
                              {
                                "k": "email",
                                "v": "sonarithvothy1@gmail.com"
                              },
                              {
                                "k": "name",
                                "v": "SonarithVothy"
                              },
                              {
                                "k": "username",
                                "v": "Rith1111"
                              }
                            ]
                          }
                        },
                        {
                          "k": "distinct",
                          "v": true
                        },
                        {
                          "k": "id",
                          "v": "5036c9c7755173b568abf0ef5ba7b99638d99c63"
                        },
                        {
                          "k": "message",
                          "v": "Update Product Name"
                        },
                        {
                          "k": "timestamp",
                          "v": "2026-05-25T19:39:36+07:00"
                        },
                        {
                          "k": "tree_id",
                          "v": "f1b4f5b0e4c4d0440a0ac42e756e5d3ccbe4cf0d"
                        },
                        {
                          "k": "url",
                          "v": "https://github.com/oeunchhinh-ux/devopsserver/commit/5036c9c7755173b568abf0ef5ba7b99638d99c63"
                        }
                      ]
                    },
                    {
                      "t": 2,
                      "d": [
                        {
                          "k": "author",
                          "v": {
                            "t": 2,
                            "d": [
                              {
                                "k": "email",
                                "v": "soeunsovannarith64@gmail.com"
                              },
                              {
                                "k": "name",
                                "v": "Soeun-Sovannarith"
                              },
                              {
                                "k": "username",
                                "v": "Soeun-Sovannarith"
                              }
                            ]
                          }
                        },
                        {
                          "k": "committer",
                          "v": {
                            "t": 2,
                            "d": [
                              {
                                "k": "email",
                                "v": "soeunsovannarith64@gmail.com"
                              },
                              {
                                "k": "name",
                                "v": "Soeun-Sovannarith"
                              },
                              {
                                "k": "username",
                                "v": "Soeun-Sovannarith"
                              }
                            ]
                          }
                        },
                        {
                          "k": "distinct",
                          "v": true
                        },
                        {
                          "k": "id",
                          "v": "b11a7cfce33728d270d01634e5840866cd882b06"
                        },
                        {
                          "k": "message",
                          "v": "add package json"
                        },
                        {
                          "k": "timestamp",
                          "v": "2026-05-25T19:42:42+07:00"
                        },
                        {
                          "k": "tree_id",
                          "v": "4eb33f7677a9a8aa02eec9542aad65c17b3f7595"
                        },
                        {
                          "k": "url",
                          "v": "https://github.com/oeunchhinh-ux/devopsserver/commit/b11a7cfce33728d270d01634e5840866cd882b06"
                        }
                      ]
                    },
                    {
                      "t": 2,
                      "d": [
                        {
                          "k": "author",
                          "v": {
                            "t": 2,
                            "d": [
                              {
                                "k": "email",
                                "v": "soeunsovannarith64@gmail.com"
                              },
                              {
                                "k": "name",
                                "v": "Soeun-Sovannarith"
                              },
                              {
                                "k": "username",
                                "v": "Soeun-Sovannarith"
                              }
                            ]
                          }
                        },
                        {
                          "k": "committer",
                          "v": {
                            "t": 2,
                            "d": [
                              {
                                "k": "email",
                                "v": "soeunsovannarith64@gmail.com"
                              },
                              {
                                "k": "name",
                                "v": "Soeun-Sovannarith"
                              },
                              {
                                "k": "username",
                                "v": "Soeun-Sovannarith"
                              }
                            ]
                          }
                        },
                        {
                          "k": "distinct",
                          "v": true
                        },
                        {
                          "k": "id",
                          "v": "05df48a49d32d547a9979f3e3702abdd2007e482"
                        },
                        {
                          "k": "message",
                          "v": "fix the bug"
                        },
                        {
                          "k": "timestamp",
                          "v": "2026-05-25T19:46:23+07:00"
                        },
                        {
                          "k": "tree_id",
                          "v": "80641138cfcff5614d8b38da35fb6b0e308d7305"
                        },
                        {
                          "k": "url",
                          "v": "https://github.com/oeunchhinh-ux/devopsserver/commit/05df48a49d32d547a9979f3e3702abdd2007e482"
                        }
                      ]
                    },
                    {
                      "t": 2,
                      "d": [
                        {
                          "k": "author",
                          "v": {
                            "t": 2,
                            "d": [
                              {
                                "k": "email",
                                "v": "mrbob101signal@gmail.com"
                              },
                              {
                                "k": "name",
                                "v": "Bob Bad Boy"
                              },
                              {
                                "k": "username",
                                "v": "mrbob101signal-bit"
                              }
                            ]
                          }
                        },
                        {
                          "k": "committer",
                          "v": {
                            "t": 2,
                            "d": [
                              {
                                "k": "email",
                                "v": "mrbob101signal@gmail.com"
                              },
                              {
                                "k": "name",
                                "v": "Bob Bad Boy"
                              },
                              {
                                "k": "username",
                                "v": "mrbob101signal-bit"
                              }
                            ]
                          }
                        },
                        {
                          "k": "distinct",
                          "v": true
                        },
                        {
                          "k": "id",
                          "v": "5cc749cefff906a5b7926d8c6749f38e309c8ee3"
                        },
                        {
                          "k": "message",
                          "v": "make changes"
                        },
                        {
                          "k": "timestamp",
                          "v": "2026-05-25T19:53:59+07:00"
                        },
                        {
                          "k": "tree_id",
                          "v": "346b2132c7ea0b3eeb61ccf511aa1dfbeaa07de2"
                        },
                        {
                          "k": "url",
                          "v": "https://github.com/oeunchhinh-ux/devopsserver/commit/5cc749cefff906a5b7926d8c6749f38e309c8ee3"
                        }
                      ]
                    },
                    {
                      "t": 2,
                      "d": [
                        {
                          "k": "author",
                          "v": {
                            "t": 2,
                            "d": [
                              {
                                "k": "email",
                                "v": "sonarithvothy1@gmail.com"
                              },
                              {
                                "k": "name",
                                "v": "SonarithVothy"
                              },
                              {
                                "k": "username",
                                "v": "Rith1111"
                              }
                            ]
                          }
                        },
                        {
                          "k": "committer",
                          "v": {
                            "t": 2,
                            "d": [
                              {
                                "k": "email",
                                "v": "sonarithvothy1@gmail.com"
                              },
                              {
                                "k": "name",
                                "v": "SonarithVothy"
                              },
                              {
                                "k": "username",
                                "v": "Rith1111"
                              }
                            ]
                          }
                        },
                        {
                          "k": "distinct",
                          "v": true
                        },
                        {
                          "k": "id",
                          "v": "a1a851fbd0859cb6fb100a1d1e4508d86e98f04a"
                        },
                        {
                          "k": "message",
                          "v": "Add New Product Name"
                        },
                        {
                          "k": "timestamp",
                          "v": "2026-05-25T19:48:56+07:00"
                        },
                        {
                          "k": "tree_id",
                          "v": "63cb9616a2c40ec7083429bacca632494968be62"
                        },
                        {
                          "k": "url",
                          "v": "https://github.com/oeunchhinh-ux/devopsserver/commit/a1a851fbd0859cb6fb100a1d1e4508d86e98f04a"
                        }
                      ]
                    },
                    {
                      "t": 2,
                      "d": [
                        {
                          "k": "author",
                          "v": {
                            "t": 2,
                            "d": [
                              {
                                "k": "email",
                                "v": "mrbob101signal@gmail.com"
                              },
                              {
                                "k": "name",
                                "v": "Bob Bad Boy"
                              },
                              {
                                "k": "username",
                                "v": "mrbob101signal-bit"
                              }
                            ]
                          }
                        },
                        {
                          "k": "committer",
                          "v": {
                            "t": 2,
                            "d": [
                              {
                                "k": "email",
                                "v": "mrbob101signal@gmail.com"
                              },
                              {
                                "k": "name",
                                "v": "Bob Bad Boy"
                              },
                              {
                                "k": "username",
                                "v": "mrbob101signal-bit"
                              }
                            ]
                          }
                        },
                        {
                          "k": "distinct",
                          "v": true
                        },
                        {
                          "k": "id",
                          "v": "c2300ca190847266d88bbb7b9d615c0f323c885c"
                        },
                        {
                          "k": "message",
                          "v": "make changes"
                        },
                        {
                          "k": "timestamp",
                          "v": "2026-05-25T19:54:57+07:00"
                        },
                        {
                          "k": "tree_id",
                          "v": "487bb4ad5be0b748edecf88166567e2161c4f80c"
                        },
                        {
                          "k": "url",
                          "v": "https://github.com/oeunchhinh-ux/devopsserver/commit/c2300ca190847266d88bbb7b9d615c0f323c885c"
                        }
                      ]
                    },
                    {
                      "t": 2,
                      "d": [
                        {
                          "k": "author",
                          "v": {
                            "t": 2,
                            "d": [
                              {
                                "k": "email",
                                "v": "soeunsovannarith64@gmail.com"
                              },
                              {
                                "k": "name",
                                "v": "Soeun-Sovannarith"
                              },
                              {
                                "k": "username",
                                "v": "Soeun-Sovannarith"
                              }
                            ]
                          }
                        },
                        {
                          "k": "committer",
                          "v": {
                            "t": 2,
                            "d": [
                              {
                                "k": "email",
                                "v": "soeunsovannarith64@gmail.com"
                              },
                              {
                                "k": "name",
                                "v": "Soeun-Sovannarith"
                              },
                              {
                                "k": "username",
                                "v": "Soeun-Sovannarith"
                              }
                            ]
                          }
                        },
                        {
                          "k": "distinct",
                          "v": true
                        },
                        {
                          "k": "id",
                          "v": "72a4a353196d8ff1cf103cbcde51bc19318e20ed"
                        },
                        {
                          "k": "message",
                          "v": "make the final changes"
                        },
                        {
                          "k": "timestamp",
                          "v": "2026-05-25T19:59:23+07:00"
                        },
                        {
                          "k": "tree_id",
                          "v": "8ee3df1fda31dfc443095dac5213ba10a082a090"
                        },
                        {
                          "k": "url",
                          "v": "https://github.com/oeunchhinh-ux/devopsserver/commit/72a4a353196d8ff1cf103cbcde51bc19318e20ed"
                        }
                      ]
                    },
                    {
                      "t": 2,
                      "d": [
                        {
                          "k": "author",
                          "v": {
                            "t": 2,
                            "d": [
                              {
                                "k": "email",
                                "v": "mrbob101signal@gmail.com"
                              },
                              {
                                "k": "name",
                                "v": "Bob Bad Boy"
                              },
                              {
                                "k": "username",
                                "v": "mrbob101signal-bit"
                              }
                            ]
                          }
                        },
                        {
                          "k": "committer",
                          "v": {
                            "t": 2,
                            "d": [
                              {
                                "k": "email",
                                "v": "mrbob101signal@gmail.com"
                              },
                              {
                                "k": "name",
                                "v": "Bob Bad Boy"
                              },
                              {
                                "k": "username",
                                "v": "mrbob101signal-bit"
                              }
                            ]
                          }
                        },
                        {
                          "k": "distinct",
                          "v": true
                        },
                        {
                          "k": "id",
                          "v": "5ecd13bbc3ee13901e6577d326d2b10c109738c8"
                        },
                        {
                          "k": "message",
                          "v": "change the side bar"
                        },
                        {
                          "k": "timestamp",
                          "v": "2026-05-25T19:58:18+07:00"
                        },
                        {
                          "k": "tree_id",
                          "v": "0d0576e1282010e630eb3ea6cb14c9c650031363"
                        },
                        {
                          "k": "url",
                          "v": "https://github.com/oeunchhinh-ux/devopsserver/commit/5ecd13bbc3ee13901e6577d326d2b10c109738c8"
                        }
                      ]
                    },
                    {
                      "t": 2,
                      "d": [
                        {
                          "k": "author",
                          "v": {
                            "t": 2,
                            "d": [
                              {
                                "k": "email",
                                "v": "soeunsovannarith64@gmail.com"
                              },
                              {
                                "k": "name",
                                "v": "Soeun-Sovannarith"
                              },
                              {
                                "k": "username",
                                "v": "Soeun-Sovannarith"
                              }
                            ]
                          }
                        },
                        {
                          "k": "committer",
                          "v": {
                            "t": 2,
                            "d": [
                              {
                                "k": "email",
                                "v": "soeunsovannarith64@gmail.com"
                              },
                              {
                                "k": "name",
                                "v": "Soeun-Sovannarith"
                              },
                              {
                                "k": "username",
                                "v": "Soeun-Sovannarith"
                              }
                            ]
                          }
                        },
                        {
                          "k": "distinct",
                          "v": true
                        },
                        {
                          "k": "id",
                          "v": "6ffe34450688fa2affdd8ccbf8505e14980ffbe8"
                        },
                        {
                          "k": "message",
                          "v": "resolve"
                        },
                        {
                          "k": "timestamp",
                          "v": "2026-05-25T20:00:17+07:00"
                        },
                        {
                          "k": "tree_id",
                          "v": "0d0576e1282010e630eb3ea6cb14c9c650031363"
                        },
                        {
                          "k": "url",
                          "v": "https://github.com/oeunchhinh-ux/devopsserver/commit/6ffe34450688fa2affdd8ccbf8505e14980ffbe8"
                        }
                      ]
                    },
                    {
                      "t": 2,
                      "d": [
                        {
                          "k": "author",
                          "v": {
                            "t": 2,
                            "d": [
                              {
                                "k": "email",
                                "v": "mrbob101signal@gmail.com"
                              },
                              {
                                "k": "name",
                                "v": "Bob Bad Boy"
                              },
                              {
                                "k": "username",
                                "v": "mrbob101signal-bit"
                              }
                            ]
                          }
                        },
                        {
                          "k": "committer",
                          "v": {
                            "t": 2,
                            "d": [
                              {
                                "k": "email",
                                "v": "mrbob101signal@gmail.com"
                              },
                              {
                                "k": "name",
                                "v": "Bob Bad Boy"
                              },
                              {
                                "k": "username",
                                "v": "mrbob101signal-bit"
                              }
                            ]
                          }
                        },
                        {
                          "k": "distinct",
                          "v": true
                        },
                        {
                          "k": "id",
                          "v": "9b38389be3259117f20d27fc040e17f4594291f8"
                        },
                        {
                          "k": "message",
                          "v": "change the side bar"
                        },
                        {
                          "k": "timestamp",
                          "v": "2026-05-25T20:07:47+07:00"
                        },
                        {
                          "k": "tree_id",
                          "v": "c6a33b9516ce8810731c67742a9589dbf117217a"
                        },
                        {
                          "k": "url",
                          "v": "https://github.com/oeunchhinh-ux/devopsserver/commit/9b38389be3259117f20d27fc040e17f4594291f8"
                        }
                      ]
                    },
                    {
                      "t": 2,
                      "d": [
                        {
                          "k": "author",
                          "v": {
                            "t": 2,
                            "d": [
                              {
                                "k": "email",
                                "v": "sereysunteang@gmail.com"
                              },
                              {
                                "k": "name",
                                "v": "Sunteang"
                              },
                              {
                                "k": "username",
                                "v": "Sunteang"
                              }
                            ]
                          }
                        },
                        {
                          "k": "committer",
                          "v": {
                            "t": 2,
                            "d": [
                              {
                                "k": "email",
                                "v": "sereysunteang@gmail.com"
                              },
                              {
                                "k": "name",
                                "v": "Sunteang"
                              },
                              {
                                "k": "username",
                                "v": "Sunteang"
                              }
                            ]
                          }
                        },
                        {
                          "k": "distinct",
                          "v": true
                        },
                        {
                          "k": "id",
                          "v": "22497fbac61340bc2028e60034bf9defd30fe31e"
                        },
                        {
                          "k": "message",
                          "v": "update navbar image"
                        },
                        {
                          "k": "timestamp",
                          "v": "2026-05-25T20:11:00+07:00"
                        },
                        {
                          "k": "tree_id",
                          "v": "f3e6741c8aaa94876d32a68b0e4d6319c2647f7d"
                        },
                        {
                          "k": "url",
                          "v": "https://github.com/oeunchhinh-ux/devopsserver/commit/22497fbac61340bc2028e60034bf9defd30fe31e"
                        }
                      ]
                    },
                    {
                      "t": 2,
                      "d": [
                        {
                          "k": "author",
                          "v": {
                            "t": 2,
                            "d": [
                              {
                                "k": "email",
                                "v": "mrbob101signal@gmail.com"
                              },
                              {
                                "k": "name",
                                "v": "Bob Bad Boy"
                              },
                              {
                                "k": "username",
                                "v": "mrbob101signal-bit"
                              }
                            ]
                          }
                        },
                        {
                          "k": "committer",
                          "v": {
                            "t": 2,
                            "d": [
                              {
                                "k": "email",
                                "v": "mrbob101signal@gmail.com"
                              },
                              {
                                "k": "name",
                                "v": "Bob Bad Boy"
                              },
                              {
                                "k": "username",
                                "v": "mrbob101signal-bit"
                              }
                            ]
                          }
                        },
                        {
                          "k": "distinct",
                          "v": true
                        },
                        {
                          "k": "id",
                          "v": "5f93d506b13919b4afec0b7d72c1703c7e075c0d"
                        },
                        {
                          "k": "message",
                          "v": "Merge branch 'main' of https://github.com/Soeun-Sovannarith/15_Soeun_Sovannarith_PVH_Web_Homework005 into menu-feature"
                        },
                        {
                          "k": "timestamp",
                          "v": "2026-05-25T20:14:29+07:00"
                        },
                        {
                          "k": "tree_id",
                          "v": "e6e356e49e4a63e82e4923fa9732bb3846b7ad60"
                        },
                        {
                          "k": "url",
                          "v": "https://github.com/oeunchhinh-ux/devopsserver/commit/5f93d506b13919b4afec0b7d72c1703c7e075c0d"
                        }
                      ]
                    },
                    {
                      "t": 2,
                      "d": [
                        {
                          "k": "author",
                          "v": {
                            "t": 2,
                            "d": [
                              {
                                "k": "email",
                                "v": "mrbob101signal@gmail.com"
                              },
                              {
                                "k": "name",
                                "v": "Bob Bad Boy"
                              },
                              {
                                "k": "username",
                                "v": "mrbob101signal-bit"
                              }
                            ]
                          }
                        },
                        {
                          "k": "committer",
                          "v": {
                            "t": 2,
                            "d": [
                              {
                                "k": "email",
                                "v": "mrbob101signal@gmail.com"
                              },
                              {
                                "k": "name",
                                "v": "Bob Bad Boy"
                              },
                              {
                                "k": "username",
                                "v": "mrbob101signal-bit"
                              }
                            ]
                          }
                        },
                        {
                          "k": "distinct",
                          "v": true
                        },
                        {
                          "k": "id",
                          "v": "4068de4386e50b18c49b839831c164c2ba096fb1"
                        },
                        {
                          "k": "message",
                          "v": "testing CI/CD"
                        },
                        {
                          "k": "timestamp",
                          "v": "2026-05-25T20:15:48+07:00"
                        },
                        {
                          "k": "tree_id",
                          "v": "88c9da8b02c833cd9e87a4305f2806a12d61debc"
                        },
                        {
                          "k": "url",
                          "v": "https://github.com/oeunchhinh-ux/devopsserver/commit/4068de4386e50b18c49b839831c164c2ba096fb1"
                        }
                      ]
                    },
                    {
                      "t": 2,
                      "d": [
                        {
                          "k": "author",
                          "v": {
                            "t": 2,
                            "d": [
                              {
                                "k": "email",
                                "v": "mrbob101signal@gmail.com"
                              },
                              {
                                "k": "name",
                                "v": "Chhinh"
                              },
                              {
                                "k": "username",
                                "v": "mrbob101signal-bit"
                              }
                            ]
                          }
                        },
                        {
                          "k": "committer",
                          "v": {
                            "t": 2,
                            "d": [
                              {
                                "k": "email",
                                "v": "mrbob101signal@gmail.com"
                              },
                              {
                                "k": "name",
                                "v": "Chhinh"
                              },
                              {
                                "k": "username",
                                "v": "mrbob101signal-bit"
                              }
                            ]
                          }
                        },
                        {
                          "k": "distinct",
                          "v": true
                        },
                        {
                          "k": "id",
                          "v": "9fc870f39f1f9f64525628ee063c3fb21c3300ae"
                        },
                        {
                          "k": "message",
                          "v": "first commit"
                        },
                        {
                          "k": "timestamp",
                          "v": "2026-06-08T19:41:56+07:00"
                        },
                        {
                          "k": "tree_id",
                          "v": "cc7696ae5d2d2952a114baf42471521e287728fe"
                        },
                        {
                          "k": "url",
                          "v": "https://github.com/oeunchhinh-ux/devopsserver/commit/9fc870f39f1f9f64525628ee063c3fb21c3300ae"
                        }
                      ]
                    }
                  ]
                }
              },
              {
                "k": "compare",
                "v": "https://github.com/oeunchhinh-ux/devopsserver/compare/5fc2be86a37e^...9fc870f39f1f"
              },
              {
                "k": "created",
                "v": true
              },
              {
                "k": "deleted",
                "v": false
              },
              {
                "k": "forced",
                "v": false
              },
              {
                "k": "head_commit",
                "v": {
                  "t": 2,
                  "d": [
                    {
                      "k": "author",
                      "v": {
                        "t": 2,
                        "d": [
                          {
                            "k": "email",
                            "v": "mrbob101signal@gmail.com"
                          },
                          {
                            "k": "name",
                            "v": "Chhinh"
                          },
                          {
                            "k": "username",
                            "v": "mrbob101signal-bit"
                          }
                        ]
                      }
                    },
                    {
                      "k": "committer",
                      "v": {
                        "t": 2,
                        "d": [
                          {
                            "k": "email",
                            "v": "mrbob101signal@gmail.com"
                          },
                          {
                            "k": "name",
                            "v": "Chhinh"
                          },
                          {
                            "k": "username",
                            "v": "mrbob101signal-bit"
                          }
                        ]
                      }
                    },
                    {
                      "k": "distinct",
                      "v": true
                    },
                    {
                      "k": "id",
                      "v": "9fc870f39f1f9f64525628ee063c3fb21c3300ae"
                    },
                    {
                      "k": "message",
                      "v": "first commit"
                    },
                    {
                      "k": "timestamp",
                      "v": "2026-06-08T19:41:56+07:00"
                    },
                    {
                      "k": "tree_id",
                      "v": "cc7696ae5d2d2952a114baf42471521e287728fe"
                    },
                    {
                      "k": "url",
                      "v": "https://github.com/oeunchhinh-ux/devopsserver/commit/9fc870f39f1f9f64525628ee063c3fb21c3300ae"
                    }
                  ]
                }
              },
              {
                "k": "pusher",
                "v": {
                  "t": 2,
                  "d": [
                    {
                      "k": "email",
                      "v": "oeunchhinh@gmail.com"
                    },
                    {
                      "k": "name",
                      "v": "oeunchhinh-ux"
                    }
                  ]
                }
              },
              {
                "k": "ref",
                "v": "refs/heads/main"
              },
              {
                "k": "repository",
                "v": {
                  "t": 2,
                  "d": [
                    {
                      "k": "allow_forking",
                      "v": true
                    },
                    {
                      "k": "archive_url",
                      "v": "https://api.github.com/repos/oeunchhinh-ux/devopsserver/{archive_format}{/ref}"
                    },
                    {
                      "k": "archived",
                      "v": false
                    },
                    {
                      "k": "assignees_url",
                      "v": "https://api.github.com/repos/oeunchhinh-ux/devopsserver/assignees{/user}"
                    },
                    {
                      "k": "blobs_url",
                      "v": "https://api.github.com/repos/oeunchhinh-ux/devopsserver/git/blobs{/sha}"
                    },
                    {
                      "k": "branches_url",
                      "v": "https://api.github.com/repos/oeunchhinh-ux/devopsserver/branches{/branch}"
                    },
                    {
                      "k": "clone_url",
                      "v": "https://github.com/oeunchhinh-ux/devopsserver.git"
                    },
                    {
                      "k": "collaborators_url",
                      "v": "https://api.github.com/repos/oeunchhinh-ux/devopsserver/collaborators{/collaborator}"
                    },
                    {
                      "k": "comments_url",
                      "v": "https://api.github.com/repos/oeunchhinh-ux/devopsserver/comments{/number}"
                    },
                    {
                      "k": "commits_url",
                      "v": "https://api.github.com/repos/oeunchhinh-ux/devopsserver/commits{/sha}"
                    },
                    {
                      "k": "compare_url",
                      "v": "https://api.github.com/repos/oeunchhinh-ux/devopsserver/compare/{base}...{head}"
                    },
                    {
                      "k": "contents_url",
                      "v": "https://api.github.com/repos/oeunchhinh-ux/devopsserver/contents/{+path}"
                    },
                    {
                      "k": "contributors_url",
                      "v": "https://api.github.com/repos/oeunchhinh-ux/devopsserver/contributors"
                    },
                    {
                      "k": "created_at",
                      "v": 1780921996.0
                    },
                    {
                      "k": "default_branch",
                      "v": "main"
                    },
                    {
                      "k": "deployments_url",
                      "v": "https://api.github.com/repos/oeunchhinh-ux/devopsserver/deployments"
                    },
                    {
                      "k": "description",
                      "v": null
                    },
                    {
                      "k": "disabled",
                      "v": false
                    },
                    {
                      "k": "downloads_url",
                      "v": "https://api.github.com/repos/oeunchhinh-ux/devopsserver/downloads"
                    },
                    {
                      "k": "events_url",
                      "v": "https://api.github.com/repos/oeunchhinh-ux/devopsserver/events"
                    },
                    {
                      "k": "fork",
                      "v": false
                    },
                    {
                      "k": "forks",
                      "v": 0.0
                    },
                    {
                      "k": "forks_count",
                      "v": 0.0
                    },
                    {
                      "k": "forks_url",
                      "v": "https://api.github.com/repos/oeunchhinh-ux/devopsserver/forks"
                    },
                    {
                      "k": "full_name",
                      "v": "oeunchhinh-ux/devopsserver"
                    },
                    {
                      "k": "git_commits_url",
                      "v": "https://api.github.com/repos/oeunchhinh-ux/devopsserver/git/commits{/sha}"
                    },
                    {
                      "k": "git_refs_url",
                      "v": "https://api.github.com/repos/oeunchhinh-ux/devopsserver/git/refs{/sha}"
                    },
                    {
                      "k": "git_tags_url",
                      "v": "https://api.github.com/repos/oeunchhinh-ux/devopsserver/git/tags{/sha}"
                    },
                    {
                      "k": "git_url",
                      "v": "git://github.com/oeunchhinh-ux/devopsserver.git"
                    },
                    {
                      "k": "has_discussions",
                      "v": false
                    },
                    {
                      "k": "has_downloads",
                      "v": true
                    },
                    {
                      "k": "has_issues",
                      "v": true
                    },
                    {
                      "k": "has_pages",
                      "v": false
                    },
                    {
                      "k": "has_projects",
                      "v": true
                    },
                    {
                      "k": "has_pull_requests",
                      "v": true
                    },
                    {
                      "k": "has_wiki",
                      "v": true
                    },
                    {
                      "k": "homepage",
                      "v": null
                    },
                    {
                      "k": "hooks_url",
                      "v": "https://api.github.com/repos/oeunchhinh-ux/devopsserver/hooks"
                    },
                    {
                      "k": "html_url",
                      "v": "https://github.com/oeunchhinh-ux/devopsserver"
                    },
                    {
                      "k": "id",
                      "v": 1262900421.0
                    },
                    {
                      "k": "is_template",
                      "v": false
                    },
                    {
                      "k": "issue_comment_url",
                      "v": "https://api.github.com/repos/oeunchhinh-ux/devopsserver/issues/comments{/number}"
                    },
                    {
                      "k": "issue_events_url",
                      "v": "https://api.github.com/repos/oeunchhinh-ux/devopsserver/issues/events{/number}"
                    },
                    {
                      "k": "issues_url",
                      "v": "https://api.github.com/repos/oeunchhinh-ux/devopsserver/issues{/number}"
                    },
                    {
                      "k": "keys_url",
                      "v": "https://api.github.com/repos/oeunchhinh-ux/devopsserver/keys{/key_id}"
                    },
                    {
                      "k": "labels_url",
                      "v": "https://api.github.com/repos/oeunchhinh-ux/devopsserver/labels{/name}"
                    },
                    {
                      "k": "language",
                      "v": null
                    },
                    {
                      "k": "languages_url",
                      "v": "https://api.github.com/repos/oeunchhinh-ux/devopsserver/languages"
                    },
                    {
                      "k": "license",
                      "v": null
                    },
                    {
                      "k": "master_branch",
                      "v": "main"
                    },
                    {
                      "k": "merges_url",
                      "v": "https://api.github.com/repos/oeunchhinh-ux/devopsserver/merges"
                    },
                    {
                      "k": "milestones_url",
                      "v": "https://api.github.com/repos/oeunchhinh-ux/devopsserver/milestones{/number}"
                    },
                    {
                      "k": "mirror_url",
                      "v": null
                    },
                    {
                      "k": "name",
                      "v": "devopsserver"
                    },
                    {
                      "k": "node_id",
                      "v": "R_kgDOS0ZUxQ"
                    },
                    {
                      "k": "notifications_url",
                      "v": "https://api.github.com/repos/oeunchhinh-ux/devopsserver/notifications{?since,all,participating}"
                    },
                    {
                      "k": "open_issues",
                      "v": 0.0
                    },
                    {
                      "k": "open_issues_count",
                      "v": 0.0
                    },
                    {
                      "k": "owner",
                      "v": {
                        "t": 2,
                        "d": [
                          {
                            "k": "avatar_url",
                            "v": "https://avatars.githubusercontent.com/u/255172684?v=4"
                          },
                          {
                            "k": "email",
                            "v": "oeunchhinh@gmail.com"
                          },
                          {
                            "k": "events_url",
                            "v": "https://api.github.com/users/oeunchhinh-ux/events{/privacy}"
                          },
                          {
                            "k": "followers_url",
                            "v": "https://api.github.com/users/oeunchhinh-ux/followers"
                          },
                          {
                            "k": "following_url",
                            "v": "https://api.github.com/users/oeunchhinh-ux/following{/other_user}"
                          },
                          {
                            "k": "gists_url",
                            "v": "https://api.github.com/users/oeunchhinh-ux/gists{/gist_id}"
                          },
                          {
                            "k": "gravatar_id",
                            "v": ""
                          },
                          {
                            "k": "html_url",
                            "v": "https://github.com/oeunchhinh-ux"
                          },
                          {
                            "k": "id",
                            "v": 255172684.0
                          },
                          {
                            "k": "login",
                            "v": "oeunchhinh-ux"
                          },
                          {
                            "k": "name",
                            "v": "oeunchhinh-ux"
                          },
                          {
                            "k": "node_id",
                            "v": "U_kgDODzWgTA"
                          },
                          {
                            "k": "organizations_url",
                            "v": "https://api.github.com/users/oeunchhinh-ux/orgs"
                          },
                          {
                            "k": "received_events_url",
                            "v": "https://api.github.com/users/oeunchhinh-ux/received_events"
                          },
                          {
                            "k": "repos_url",
                            "v": "https://api.github.com/users/oeunchhinh-ux/repos"
                          },
                          {
                            "k": "site_admin",
                            "v": false
                          },
                          {
                            "k": "starred_url",
                            "v": "https://api.github.com/users/oeunchhinh-ux/starred{/owner}{/repo}"
                          },
                          {
                            "k": "subscriptions_url",
                            "v": "https://api.github.com/users/oeunchhinh-ux/subscriptions"
                          },
                          {
                            "k": "type",
                            "v": "User"
                          },
                          {
                            "k": "url",
                            "v": "https://api.github.com/users/oeunchhinh-ux"
                          },
                          {
                            "k": "user_view_type",
                            "v": "public"
                          }
                        ]
                      }
                    },
                    {
                      "k": "private",
                      "v": false
                    },
                    {
                      "k": "pull_request_creation_policy",
                      "v": "all"
                    },
                    {
                      "k": "pulls_url",
                      "v": "https://api.github.com/repos/oeunchhinh-ux/devopsserver/pulls{/number}"
                    },
                    {
                      "k": "pushed_at",
                      "v": 1780922533.0
                    },
                    {
                      "k": "releases_url",
                      "v": "https://api.github.com/repos/oeunchhinh-ux/devopsserver/releases{/id}"
                    },
                    {
                      "k": "size",
                      "v": 0.0
                    },
                    {
                      "k": "ssh_url",
                      "v": "git@github.com:oeunchhinh-ux/devopsserver.git"
                    },
                    {
                      "k": "stargazers",
                      "v": 0.0
                    },
                    {
                      "k": "stargazers_count",
                      "v": 0.0
                    },
                    {
                      "k": "stargazers_url",
                      "v": "https://api.github.com/repos/oeunchhinh-ux/devopsserver/stargazers"
                    },
                    {
                      "k": "statuses_url",
                      "v": "https://api.github.com/repos/oeunchhinh-ux/devopsserver/statuses/{sha}"
                    },
                    {
                      "k": "subscribers_url",
                      "v": "https://api.github.com/repos/oeunchhinh-ux/devopsserver/subscribers"
                    },
                    {
                      "k": "subscription_url",
                      "v": "https://api.github.com/repos/oeunchhinh-ux/devopsserver/subscription"
                    },
                    {
                      "k": "svn_url",
                      "v": "https://github.com/oeunchhinh-ux/devopsserver"
                    },
                    {
                      "k": "tags_url",
                      "v": "https://api.github.com/repos/oeunchhinh-ux/devopsserver/tags"
                    },
                    {
                      "k": "teams_url",
                      "v": "https://api.github.com/repos/oeunchhinh-ux/devopsserver/teams"
                    },
                    {
                      "k": "topics",
                      "v": {
                        "t": 1
                      }
                    },
                    {
                      "k": "trees_url",
                      "v": "https://api.github.com/repos/oeunchhinh-ux/devopsserver/git/trees{/sha}"
                    },
                    {
                      "k": "updated_at",
                      "v": "2026-06-08T12:33:16Z"
                    },
                    {
                      "k": "url",
                      "v": "https://api.github.com/repos/oeunchhinh-ux/devopsserver"
                    },
                    {
                      "k": "visibility",
                      "v": "public"
                    },
                    {
                      "k": "watchers",
                      "v": 0.0
                    },
                    {
                      "k": "watchers_count",
                      "v": 0.0
                    },
                    {
                      "k": "web_commit_signoff_required",
                      "v": false
                    }
                  ]
                }
              },
              {
                "k": "sender",
                "v": {
                  "t": 2,
                  "d": [
                    {
                      "k": "avatar_url",
                      "v": "https://avatars.githubusercontent.com/u/255172684?v=4"
                    },
                    {
                      "k": "events_url",
                      "v": "https://api.github.com/users/oeunchhinh-ux/events{/privacy}"
                    },
                    {
                      "k": "followers_url",
                      "v": "https://api.github.com/users/oeunchhinh-ux/followers"
                    },
                    {
                      "k": "following_url",
                      "v": "https://api.github.com/users/oeunchhinh-ux/following{/other_user}"
                    },
                    {
                      "k": "gists_url",
                      "v": "https://api.github.com/users/oeunchhinh-ux/gists{/gist_id}"
                    },
                    {
                      "k": "gravatar_id",
                      "v": ""
                    },
                    {
                      "k": "html_url",
                      "v": "https://github.com/oeunchhinh-ux"
                    },
                    {
                      "k": "id",
                      "v": 255172684.0
                    },
                    {
                      "k": "login",
                      "v": "oeunchhinh-ux"
                    },
                    {
                      "k": "node_id",
                      "v": "U_kgDODzWgTA"
                    },
                    {
                      "k": "organizations_url",
                      "v": "https://api.github.com/users/oeunchhinh-ux/orgs"
                    },
                    {
                      "k": "received_events_url",
                      "v": "https://api.github.com/users/oeunchhinh-ux/received_events"
                    },
                    {
                      "k": "repos_url",
                      "v": "https://api.github.com/users/oeunchhinh-ux/repos"
                    },
                    {
                      "k": "site_admin",
                      "v": false
                    },
                    {
                      "k": "starred_url",
                      "v": "https://api.github.com/users/oeunchhinh-ux/starred{/owner}{/repo}"
                    },
                    {
                      "k": "subscriptions_url",
                      "v": "https://api.github.com/users/oeunchhinh-ux/subscriptions"
                    },
                    {
                      "k": "type",
                      "v": "User"
                    },
                    {
                      "k": "url",
                      "v": "https://api.github.com/users/oeunchhinh-ux"
                    },
                    {
                      "k": "user_view_type",
                      "v": "public"
                    }
                  ]
                }
              }
            ]
          }
        },
        {
          "k": "workflow_ref",
          "v": "oeunchhinh-ux/devopsserver/.github/workflows/deploy.yml@refs/heads/main"
        },
        {
          "k": "workflow_sha",
          "v": "9fc870f39f1f9f64525628ee063c3fb21c3300ae"
        },
        {
          "k": "repository_id",
          "v": "1262900421"
        },
        {
          "k": "triggering_actor",
          "v": "oeunchhinh-ux"
        }
      ]
    },
    "inputs": {
      "t": 2
    },
    "job": {
      "t": 2,
      "d": [
        {
          "k": "check_run_id",
          "v": 80096566876.0
        },
        {
          "k": "workflow_ref",
          "v": "oeunchhinh-ux/devopsserver/.github/workflows/deploy.yml@refs/heads/main"
        },
        {
          "k": "workflow_sha",
          "v": "9fc870f39f1f9f64525628ee063c3fb21c3300ae"
        },
        {
          "k": "workflow_repository",
          "v": "oeunchhinh-ux/devopsserver"
        },
        {
          "k": "workflow_file_path",
          "v": ".github/workflows/deploy.yml"
        }
      ]
    },
    "matrix": null,
    "needs": {
      "t": 2
    },
    "strategy": {
      "t": 2,
      "d": [
        {
          "k": "fail-fast",
          "v": true
        },
        {
          "k": "job-index",
          "v": 0.0
        },
        {
          "k": "job-total",
          "v": 1.0
        },
        {
          "k": "max-parallel",
          "v": 1.0
        }
      ]
    },
    "vars": {
      "t": 2
    }
  },
  "billingOwnerId": "U_kgDODzWgTA"
}
[2026-06-08 14:47:40Z INFO JobRunner] Job ID c1224da2-0011-5934-bcf4-b876934a0da4
[2026-06-08 14:47:40Z INFO ConfigurationStore] currentAssemblyLocation: C:\Users\mrbob\Desktop\devsopserver\actions-runner\actions-runner\actions-runner\bin\Runner.Worker.dll
[2026-06-08 14:47:40Z INFO HostContext] Well known directory 'Bin': 'C:\Users\mrbob\Desktop\devsopserver\actions-runner\actions-runner\actions-runner\bin'
[2026-06-08 14:47:40Z INFO ConfigurationStore] binPath: C:\Users\mrbob\Desktop\devsopserver\actions-runner\actions-runner\actions-runner\bin
[2026-06-08 14:47:40Z INFO HostContext] Well known directory 'Bin': 'C:\Users\mrbob\Desktop\devsopserver\actions-runner\actions-runner\actions-runner\bin'
[2026-06-08 14:47:40Z INFO HostContext] Well known directory 'Root': 'C:\Users\mrbob\Desktop\devsopserver\actions-runner\actions-runner\actions-runner'
[2026-06-08 14:47:40Z INFO ConfigurationStore] RootFolder: C:\Users\mrbob\Desktop\devsopserver\actions-runner\actions-runner\actions-runner
[2026-06-08 14:47:40Z INFO HostContext] Well known directory 'Bin': 'C:\Users\mrbob\Desktop\devsopserver\actions-runner\actions-runner\actions-runner\bin'
[2026-06-08 14:47:40Z INFO HostContext] Well known directory 'Root': 'C:\Users\mrbob\Desktop\devsopserver\actions-runner\actions-runner\actions-runner'
[2026-06-08 14:47:40Z INFO HostContext] Well known config file 'Runner': 'C:\Users\mrbob\Desktop\devsopserver\actions-runner\actions-runner\actions-runner\.runner'
[2026-06-08 14:47:40Z INFO ConfigurationStore] ConfigFilePath: C:\Users\mrbob\Desktop\devsopserver\actions-runner\actions-runner\actions-runner\.runner
[2026-06-08 14:47:40Z INFO HostContext] Well known directory 'Bin': 'C:\Users\mrbob\Desktop\devsopserver\actions-runner\actions-runner\actions-runner\bin'
[2026-06-08 14:47:40Z INFO HostContext] Well known directory 'Root': 'C:\Users\mrbob\Desktop\devsopserver\actions-runner\actions-runner\actions-runner'
[2026-06-08 14:47:40Z INFO HostContext] Well known config file 'MigratedRunner': 'C:\Users\mrbob\Desktop\devsopserver\actions-runner\actions-runner\actions-runner\.runner_migrated'
[2026-06-08 14:47:40Z INFO ConfigurationStore] MigratedConfigFilePath: C:\Users\mrbob\Desktop\devsopserver\actions-runner\actions-runner\actions-runner\.runner_migrated
[2026-06-08 14:47:40Z INFO HostContext] Well known directory 'Bin': 'C:\Users\mrbob\Desktop\devsopserver\actions-runner\actions-runner\actions-runner\bin'
[2026-06-08 14:47:40Z INFO HostContext] Well known directory 'Root': 'C:\Users\mrbob\Desktop\devsopserver\actions-runner\actions-runner\actions-runner'
[2026-06-08 14:47:40Z INFO HostContext] Well known config file 'Credentials': 'C:\Users\mrbob\Desktop\devsopserver\actions-runner\actions-runner\actions-runner\.credentials'
[2026-06-08 14:47:40Z INFO ConfigurationStore] CredFilePath: C:\Users\mrbob\Desktop\devsopserver\actions-runner\actions-runner\actions-runner\.credentials
[2026-06-08 14:47:40Z INFO HostContext] Well known directory 'Bin': 'C:\Users\mrbob\Desktop\devsopserver\actions-runner\actions-runner\actions-runner\bin'
[2026-06-08 14:47:40Z INFO HostContext] Well known directory 'Root': 'C:\Users\mrbob\Desktop\devsopserver\actions-runner\actions-runner\actions-runner'
[2026-06-08 14:47:40Z INFO HostContext] Well known config file 'MigratedCredentials': 'C:\Users\mrbob\Desktop\devsopserver\actions-runner\actions-runner\actions-runner\.credentials_migrated'
[2026-06-08 14:47:40Z INFO ConfigurationStore] MigratedCredFilePath: C:\Users\mrbob\Desktop\devsopserver\actions-runner\actions-runner\actions-runner\.credentials_migrated
[2026-06-08 14:47:40Z INFO HostContext] Well known directory 'Bin': 'C:\Users\mrbob\Desktop\devsopserver\actions-runner\actions-runner\actions-runner\bin'
[2026-06-08 14:47:40Z INFO HostContext] Well known directory 'Root': 'C:\Users\mrbob\Desktop\devsopserver\actions-runner\actions-runner\actions-runner'
[2026-06-08 14:47:40Z INFO HostContext] Well known config file 'Service': 'C:\Users\mrbob\Desktop\devsopserver\actions-runner\actions-runner\actions-runner\.service'
[2026-06-08 14:47:40Z INFO ConfigurationStore] ServiceConfigFilePath: C:\Users\mrbob\Desktop\devsopserver\actions-runner\actions-runner\actions-runner\.service
[2026-06-08 14:47:40Z INFO ConfigurationStore] Read setting file: 399 chars
[2026-06-08 14:47:40Z INFO JobRunner] Initializing launch client
[2026-06-08 14:47:40Z INFO JobServerQueue] Initializing results client
[2026-06-08 14:47:40Z INFO ResultServer] Creating websocket client ...wss://results-receiver.actions.githubusercontent.com/_ws/ingest.sock
[2026-06-08 14:47:40Z INFO ResultServer] Attempting to start websocket client with delay 00:00:00.
[2026-06-08 14:47:40Z INFO JobServerQueue] Start process web console line queue.
[2026-06-08 14:47:40Z INFO JobServerQueue] Start process file upload queue.
[2026-06-08 14:47:40Z INFO JobServerQueue] Start results file upload queue.
[2026-06-08 14:47:40Z INFO JobServerQueue] Starting results-based upload queue...
[2026-06-08 14:47:40Z INFO JobServerQueue] Start process timeline update queue.
[2026-06-08 14:47:40Z INFO ExecutionContext] Initializing Job context
[2026-06-08 14:47:40Z INFO ExecutionContext] Initialize GitHub context
[2026-06-08 14:47:40Z INFO ExecutionContext] Initialize Env context
[2026-06-08 14:47:40Z INFO HostContext] Well known directory 'Bin': 'C:\Users\mrbob\Desktop\devsopserver\actions-runner\actions-runner\actions-runner\bin'
[2026-06-08 14:47:40Z INFO HostContext] Well known directory 'Root': 'C:\Users\mrbob\Desktop\devsopserver\actions-runner\actions-runner\actions-runner'
[2026-06-08 14:47:40Z INFO HostContext] Well known directory 'Diag': 'C:\Users\mrbob\Desktop\devsopserver\actions-runner\actions-runner\actions-runner\_diag'
[2026-06-08 14:47:40Z INFO HostContext] Well known directory 'Bin': 'C:\Users\mrbob\Desktop\devsopserver\actions-runner\actions-runner\actions-runner\bin'
[2026-06-08 14:47:40Z INFO HostContext] Well known directory 'Root': 'C:\Users\mrbob\Desktop\devsopserver\actions-runner\actions-runner\actions-runner'
[2026-06-08 14:47:40Z INFO HostContext] Well known directory 'Diag': 'C:\Users\mrbob\Desktop\devsopserver\actions-runner\actions-runner\actions-runner\_diag'
[2026-06-08 14:47:40Z INFO JobRunner] Starting the job execution context.
[2026-06-08 14:47:40Z INFO HostContext] Well known directory 'Bin': 'C:\Users\mrbob\Desktop\devsopserver\actions-runner\actions-runner\actions-runner\bin'
[2026-06-08 14:47:40Z INFO HostContext] Well known directory 'Root': 'C:\Users\mrbob\Desktop\devsopserver\actions-runner\actions-runner\actions-runner'
[2026-06-08 14:47:40Z INFO HostContext] Well known directory 'Work': 'C:\Users\mrbob\Desktop\devsopserver\actions-runner\actions-runner\actions-runner\_work'
[2026-06-08 14:47:40Z INFO JobRunner] Validating directory permissions for: 'C:\Users\mrbob\Desktop\devsopserver\actions-runner\actions-runner\actions-runner\_work'
[2026-06-08 14:47:40Z INFO HostContext] Well known directory 'Bin': 'C:\Users\mrbob\Desktop\devsopserver\actions-runner\actions-runner\actions-runner\bin'
[2026-06-08 14:47:40Z INFO HostContext] Well known directory 'Root': 'C:\Users\mrbob\Desktop\devsopserver\actions-runner\actions-runner\actions-runner'
[2026-06-08 14:47:40Z INFO HostContext] Well known directory 'Work': 'C:\Users\mrbob\Desktop\devsopserver\actions-runner\actions-runner\actions-runner\_work'
[2026-06-08 14:47:40Z INFO HostContext] Well known directory 'Tools': 'C:\Users\mrbob\Desktop\devsopserver\actions-runner\actions-runner\actions-runner\_work\_tool'
[2026-06-08 14:47:40Z INFO HostContext] Well known directory 'Bin': 'C:\Users\mrbob\Desktop\devsopserver\actions-runner\actions-runner\actions-runner\bin'
[2026-06-08 14:47:40Z INFO HostContext] Well known directory 'Root': 'C:\Users\mrbob\Desktop\devsopserver\actions-runner\actions-runner\actions-runner'
[2026-06-08 14:47:40Z INFO HostContext] Well known directory 'Work': 'C:\Users\mrbob\Desktop\devsopserver\actions-runner\actions-runner\actions-runner\_work'
[2026-06-08 14:47:40Z INFO HostContext] Well known directory 'Temp': 'C:\Users\mrbob\Desktop\devsopserver\actions-runner\actions-runner\actions-runner\_work\_temp'
[2026-06-08 14:47:40Z INFO JobRunner] Getting job extension.
[2026-06-08 14:47:40Z INFO JobRunner] Initialize job. Getting all job steps.
[2026-06-08 14:47:40Z INFO HostContext] Well known directory 'Bin': 'C:\Users\mrbob\Desktop\devsopserver\actions-runner\actions-runner\actions-runner\bin'
[2026-06-08 14:47:40Z INFO HostContext] Well known directory 'Root': 'C:\Users\mrbob\Desktop\devsopserver\actions-runner\actions-runner\actions-runner'
[2026-06-08 14:47:40Z INFO HostContext] Well known directory 'Diag': 'C:\Users\mrbob\Desktop\devsopserver\actions-runner\actions-runner\actions-runner\_diag'
[2026-06-08 14:47:40Z INFO HostContext] Well known directory 'Bin': 'C:\Users\mrbob\Desktop\devsopserver\actions-runner\actions-runner\actions-runner\bin'
[2026-06-08 14:47:40Z INFO HostContext] Well known directory 'Root': 'C:\Users\mrbob\Desktop\devsopserver\actions-runner\actions-runner\actions-runner'
[2026-06-08 14:47:40Z INFO HostContext] Well known directory 'Diag': 'C:\Users\mrbob\Desktop\devsopserver\actions-runner\actions-runner\actions-runner\_diag'
[2026-06-08 14:47:40Z INFO HostContext] Well known directory 'Bin': 'C:\Users\mrbob\Desktop\devsopserver\actions-runner\actions-runner\actions-runner\bin'
[2026-06-08 14:47:40Z INFO HostContext] Well known directory 'Root': 'C:\Users\mrbob\Desktop\devsopserver\actions-runner\actions-runner\actions-runner'
[2026-06-08 14:47:40Z INFO HostContext] Well known config file 'Credentials': 'C:\Users\mrbob\Desktop\devsopserver\actions-runner\actions-runner\actions-runner\.credentials'
[2026-06-08 14:47:40Z INFO HostContext] Well known directory 'Bin': 'C:\Users\mrbob\Desktop\devsopserver\actions-runner\actions-runner\actions-runner\bin'
[2026-06-08 14:47:40Z INFO HostContext] Well known directory 'Root': 'C:\Users\mrbob\Desktop\devsopserver\actions-runner\actions-runner\actions-runner'
[2026-06-08 14:47:40Z INFO HostContext] Well known config file 'SetupInfo': 'C:\Users\mrbob\Desktop\devsopserver\actions-runner\actions-runner\actions-runner\.setup_info'
[2026-06-08 14:47:40Z INFO HostContext] Well known directory 'Bin': 'C:\Users\mrbob\Desktop\devsopserver\actions-runner\actions-runner\actions-runner\bin'
[2026-06-08 14:47:40Z INFO HostContext] Well known directory 'Root': 'C:\Users\mrbob\Desktop\devsopserver\actions-runner\actions-runner\actions-runner'
[2026-06-08 14:47:40Z INFO HostContext] Well known directory 'Work': 'C:\Users\mrbob\Desktop\devsopserver\actions-runner\actions-runner\actions-runner\_work'
[2026-06-08 14:47:40Z INFO PipelineDirectoryManager] Loading tracking config if exists: C:\Users\mrbob\Desktop\devsopserver\actions-runner\actions-runner\actions-runner\_work\_PipelineMapping\oeunchhinh-ux/devopsserver\PipelineFolder.json
[2026-06-08 14:47:40Z INFO PipelineDirectoryManager] Creating a new tracking config file.
[2026-06-08 14:47:40Z INFO HostContext] Well known directory 'Bin': 'C:\Users\mrbob\Desktop\devsopserver\actions-runner\actions-runner\actions-runner\bin'
[2026-06-08 14:47:40Z INFO HostContext] Well known directory 'Root': 'C:\Users\mrbob\Desktop\devsopserver\actions-runner\actions-runner\actions-runner'
[2026-06-08 14:47:40Z INFO HostContext] Well known directory 'Work': 'C:\Users\mrbob\Desktop\devsopserver\actions-runner\actions-runner\actions-runner\_work'
[2026-06-08 14:47:40Z INFO PipelineDirectoryManager] Creating pipeline directory.
[2026-06-08 14:47:40Z INFO HostContext] Well known directory 'Bin': 'C:\Users\mrbob\Desktop\devsopserver\actions-runner\actions-runner\actions-runner\bin'
[2026-06-08 14:47:40Z INFO HostContext] Well known directory 'Root': 'C:\Users\mrbob\Desktop\devsopserver\actions-runner\actions-runner\actions-runner'
[2026-06-08 14:47:40Z INFO HostContext] Well known directory 'Work': 'C:\Users\mrbob\Desktop\devsopserver\actions-runner\actions-runner\actions-runner\_work'
[2026-06-08 14:47:40Z INFO PipelineDirectoryManager] Creating workspace directory.
[2026-06-08 14:47:40Z INFO HostContext] Well known directory 'Bin': 'C:\Users\mrbob\Desktop\devsopserver\actions-runner\actions-runner\actions-runner\bin'
[2026-06-08 14:47:40Z INFO HostContext] Well known directory 'Root': 'C:\Users\mrbob\Desktop\devsopserver\actions-runner\actions-runner\actions-runner'
[2026-06-08 14:47:40Z INFO HostContext] Well known directory 'Work': 'C:\Users\mrbob\Desktop\devsopserver\actions-runner\actions-runner\actions-runner\_work'
[2026-06-08 14:47:40Z INFO JobExtension] Downloading actions
[2026-06-08 14:47:40Z INFO HostContext] Well known directory 'Bin': 'C:\Users\mrbob\Desktop\devsopserver\actions-runner\actions-runner\actions-runner\bin'
[2026-06-08 14:47:40Z INFO HostContext] Well known directory 'Root': 'C:\Users\mrbob\Desktop\devsopserver\actions-runner\actions-runner\actions-runner'
[2026-06-08 14:47:40Z INFO HostContext] Well known directory 'Work': 'C:\Users\mrbob\Desktop\devsopserver\actions-runner\actions-runner\actions-runner\_work'
[2026-06-08 14:47:40Z INFO HostContext] Well known directory 'Actions': 'C:\Users\mrbob\Desktop\devsopserver\actions-runner\actions-runner\actions-runner\_work\_actions'
[2026-06-08 14:47:40Z INFO JobExtension] Adding .
[2026-06-08 14:47:40Z INFO HostContext] Well known directory 'Bin': 'C:\Users\mrbob\Desktop\devsopserver\actions-runner\actions-runner\actions-runner\bin'
[2026-06-08 14:47:40Z INFO HostContext] Well known directory 'Root': 'C:\Users\mrbob\Desktop\devsopserver\actions-runner\actions-runner\actions-runner'
[2026-06-08 14:47:40Z INFO HostContext] Well known directory 'Diag': 'C:\Users\mrbob\Desktop\devsopserver\actions-runner\actions-runner\actions-runner\_diag'
[2026-06-08 14:47:40Z INFO HostContext] Well known directory 'Bin': 'C:\Users\mrbob\Desktop\devsopserver\actions-runner\actions-runner\actions-runner\bin'
[2026-06-08 14:47:40Z INFO HostContext] Well known directory 'Root': 'C:\Users\mrbob\Desktop\devsopserver\actions-runner\actions-runner\actions-runner'
[2026-06-08 14:47:40Z INFO HostContext] Well known directory 'Diag': 'C:\Users\mrbob\Desktop\devsopserver\actions-runner\actions-runner\actions-runner\_diag'
[2026-06-08 14:47:40Z INFO JobExtension] Total accessible running process: 307.
[2026-06-08 14:47:40Z INFO HostContext] Well known directory 'Bin': 'C:\Users\mrbob\Desktop\devsopserver\actions-runner\actions-runner\actions-runner\bin'
[2026-06-08 14:47:40Z INFO HostContext] Well known directory 'Root': 'C:\Users\mrbob\Desktop\devsopserver\actions-runner\actions-runner\actions-runner'
[2026-06-08 14:47:40Z INFO HostContext] Well known directory 'Work': 'C:\Users\mrbob\Desktop\devsopserver\actions-runner\actions-runner\actions-runner\_work'
[2026-06-08 14:47:40Z INFO JobExtension] Start checking server connectivity.
[2026-06-08 14:47:40Z INFO JobExtension] Check server connectivity for https://broker.actions.githubusercontent.com/health.
[2026-06-08 14:47:40Z INFO JobExtension] Check server connectivity for https://token.actions.githubusercontent.com/ready.
[2026-06-08 14:47:40Z INFO JobExtension] Check server connectivity for https://run.actions.githubusercontent.com/health.
[2026-06-08 14:47:40Z INFO JobExtension] Start checking service connectivity in background.
[2026-06-08 14:47:40Z INFO ExecutionContext] Publish step telemetry for current step {
  "action": "setup_job",
  "type": "runner",
  "stage": "Pre",
  "stepId": "0a74ef2f-f5c3-4bb9-a9f7-b9ddf94efca2",
  "result": "succeeded",
  "errorMessages": [],
  "executionTimeInSeconds": 1,
  "startTime": "2026-06-08T14:47:40.6650894Z",
  "finishTime": "2026-06-08T14:47:40.7347694Z"
}.
[2026-06-08 14:47:40Z INFO JobRunner] Total job steps: 1.
[2026-06-08 14:47:40Z INFO JobRunner] Run all job steps.
[2026-06-08 14:47:40Z INFO DapDebugger] DapDebugger initialized
[2026-06-08 14:47:40Z INFO StepsRunner] Processing step: DisplayName='Deploy'
[2026-06-08 14:47:40Z INFO StepsRunner] Evaluating: success()
[2026-06-08 14:47:40Z INFO StepsRunner] Result: true
[2026-06-08 14:47:40Z INFO StepsRunner] Starting the step.
[2026-06-08 14:47:40Z INFO HostContext] Well known directory 'Bin': 'C:\Users\mrbob\Desktop\devsopserver\actions-runner\actions-runner\actions-runner\bin'
[2026-06-08 14:47:40Z INFO HostContext] Well known directory 'Root': 'C:\Users\mrbob\Desktop\devsopserver\actions-runner\actions-runner\actions-runner'
[2026-06-08 14:47:40Z INFO HostContext] Well known directory 'Work': 'C:\Users\mrbob\Desktop\devsopserver\actions-runner\actions-runner\actions-runner\_work'
[2026-06-08 14:47:40Z INFO StepsRunner] Which2: 'chcp'
[2026-06-08 14:47:40Z INFO StepsRunner] Location: 'C:\WINDOWS\system32\chcp.COM'
[2026-06-08 14:47:40Z INFO ProcessInvokerWrapper] Starting process:
[2026-06-08 14:47:40Z INFO ProcessInvokerWrapper]   File name: 'C:\WINDOWS\system32\chcp.COM'
[2026-06-08 14:47:40Z INFO ProcessInvokerWrapper]   Arguments: '65001'
[2026-06-08 14:47:40Z INFO ProcessInvokerWrapper]   Working directory: 'C:\Users\mrbob\Desktop\devsopserver\actions-runner\actions-runner\actions-runner\_work'
[2026-06-08 14:47:40Z INFO ProcessInvokerWrapper]   Require exit code zero: 'False'
[2026-06-08 14:47:40Z INFO ProcessInvokerWrapper]   Encoding web name:  ; code page: ''
[2026-06-08 14:47:40Z INFO ProcessInvokerWrapper]   Force kill process on cancellation: 'False'
[2026-06-08 14:47:40Z INFO ProcessInvokerWrapper]   Redirected STDIN: 'False'
[2026-06-08 14:47:40Z INFO ProcessInvokerWrapper]   Persist current code page: 'True'
[2026-06-08 14:47:40Z INFO ProcessInvokerWrapper]   Keep redirected STDIN open: 'False'
[2026-06-08 14:47:40Z INFO ProcessInvokerWrapper]   High priority process: 'False'
[2026-06-08 14:47:40Z INFO ProcessInvokerWrapper] Process started with process id 14296, waiting for process exit.
[2026-06-08 14:47:40Z INFO Worker] Listening for cancel message from the channel.
[2026-06-08 14:47:40Z INFO Worker] Waiting for the job to complete or for a cancel message from the channel.
[2026-06-08 14:47:40Z INFO ProcessInvokerWrapper] STDOUT/STDERR stream read finished.
[2026-06-08 14:47:40Z INFO ProcessInvokerWrapper] STDOUT/STDERR stream read finished.
[2026-06-08 14:47:40Z INFO ProcessInvokerWrapper] Finished process 14296 with exit code 0, and elapsed time 00:00:00.0148719.
[2026-06-08 14:47:40Z INFO StepsRunner] Successfully returned to code page 65001 (UTF8)
[2026-06-08 14:47:40Z INFO HostContext] Well known directory 'Bin': 'C:\Users\mrbob\Desktop\devsopserver\actions-runner\actions-runner\actions-runner\bin'
[2026-06-08 14:47:40Z INFO HostContext] Well known directory 'Root': 'C:\Users\mrbob\Desktop\devsopserver\actions-runner\actions-runner\actions-runner'
[2026-06-08 14:47:40Z INFO HostContext] Well known directory 'Work': 'C:\Users\mrbob\Desktop\devsopserver\actions-runner\actions-runner\actions-runner\_work'
[2026-06-08 14:47:40Z INFO HostContext] Well known directory 'Temp': 'C:\Users\mrbob\Desktop\devsopserver\actions-runner\actions-runner\actions-runner\_work\_temp'
[2026-06-08 14:47:40Z INFO ExecutionContext] Write event payload to C:\Users\mrbob\Desktop\devsopserver\actions-runner\actions-runner\actions-runner\_work\_temp\_github_workflow\event.json
[2026-06-08 14:47:40Z INFO HostContext] Well known directory 'Bin': 'C:\Users\mrbob\Desktop\devsopserver\actions-runner\actions-runner\actions-runner\bin'
[2026-06-08 14:47:40Z INFO HostContext] Well known directory 'Root': 'C:\Users\mrbob\Desktop\devsopserver\actions-runner\actions-runner\actions-runner'
[2026-06-08 14:47:40Z INFO HostContext] Well known directory 'Work': 'C:\Users\mrbob\Desktop\devsopserver\actions-runner\actions-runner\actions-runner\_work'
[2026-06-08 14:47:40Z INFO HostContext] Well known directory 'Temp': 'C:\Users\mrbob\Desktop\devsopserver\actions-runner\actions-runner\actions-runner\_work\_temp'
[2026-06-08 14:47:40Z INFO ExtensionManager] Getting extensions for interface: 'GitHub.Runner.Worker.IFileCommandExtension'
[2026-06-08 14:47:40Z INFO ExtensionManager] Creating instance: GitHub.Runner.Worker.AddPathFileCommand, Runner.Worker
[2026-06-08 14:47:40Z INFO ExtensionManager] Creating instance: GitHub.Runner.Worker.SetEnvFileCommand, Runner.Worker
[2026-06-08 14:47:40Z INFO ExtensionManager] Creating instance: GitHub.Runner.Worker.CreateStepSummaryCommand, Runner.Worker
[2026-06-08 14:47:40Z INFO ExtensionManager] Creating instance: GitHub.Runner.Worker.SaveStateFileCommand, Runner.Worker
[2026-06-08 14:47:40Z INFO ExtensionManager] Creating instance: GitHub.Runner.Worker.SetOutputFileCommand, Runner.Worker
[2026-06-08 14:47:40Z INFO ExtensionManager] Getting extensions for interface: 'GitHub.Runner.Worker.IActionCommandExtension'
[2026-06-08 14:47:40Z INFO ExtensionManager] Creating instance: GitHub.Runner.Worker.InternalPluginSetRepoPathCommandExtension, Runner.Worker
[2026-06-08 14:47:40Z INFO ExtensionManager] Creating instance: GitHub.Runner.Worker.SetEnvCommandExtension, Runner.Worker
[2026-06-08 14:47:40Z INFO ExtensionManager] Creating instance: GitHub.Runner.Worker.SetOutputCommandExtension, Runner.Worker
[2026-06-08 14:47:40Z INFO ExtensionManager] Creating instance: GitHub.Runner.Worker.SaveStateCommandExtension, Runner.Worker
[2026-06-08 14:47:40Z INFO ExtensionManager] Creating instance: GitHub.Runner.Worker.AddPathCommandExtension, Runner.Worker
[2026-06-08 14:47:40Z INFO ExtensionManager] Creating instance: GitHub.Runner.Worker.AddMaskCommandExtension, Runner.Worker
[2026-06-08 14:47:40Z INFO ExtensionManager] Creating instance: GitHub.Runner.Worker.AddMatcherCommandExtension, Runner.Worker
[2026-06-08 14:47:40Z INFO ExtensionManager] Creating instance: GitHub.Runner.Worker.RemoveMatcherCommandExtension, Runner.Worker
[2026-06-08 14:47:40Z INFO ExtensionManager] Creating instance: GitHub.Runner.Worker.WarningCommandExtension, Runner.Worker
[2026-06-08 14:47:40Z INFO ExtensionManager] Creating instance: GitHub.Runner.Worker.ErrorCommandExtension, Runner.Worker
[2026-06-08 14:47:40Z INFO ExtensionManager] Creating instance: GitHub.Runner.Worker.NoticeCommandExtension, Runner.Worker
[2026-06-08 14:47:40Z INFO ExtensionManager] Creating instance: GitHub.Runner.Worker.DebugCommandExtension, Runner.Worker
[2026-06-08 14:47:40Z INFO ExtensionManager] Creating instance: GitHub.Runner.Worker.GroupCommandExtension, Runner.Worker
[2026-06-08 14:47:40Z INFO ExtensionManager] Creating instance: GitHub.Runner.Worker.EndGroupCommandExtension, Runner.Worker
[2026-06-08 14:47:40Z INFO ExtensionManager] Creating instance: GitHub.Runner.Worker.EchoCommandExtension, Runner.Worker
[2026-06-08 14:47:40Z INFO ActionCommandManager] Register action command extension for command internal-set-repo-path
[2026-06-08 14:47:40Z INFO ActionCommandManager] Register action command extension for command set-env
[2026-06-08 14:47:40Z INFO ActionCommandManager] Register action command extension for command set-output
[2026-06-08 14:47:40Z INFO ActionCommandManager] Register action command extension for command save-state
[2026-06-08 14:47:40Z INFO ActionCommandManager] Register action command extension for command add-path
[2026-06-08 14:47:40Z INFO ActionCommandManager] Register action command extension for command add-mask
[2026-06-08 14:47:40Z INFO ActionCommandManager] Register action command extension for command add-matcher
[2026-06-08 14:47:40Z INFO ActionCommandManager] Register action command extension for command remove-matcher
[2026-06-08 14:47:40Z INFO ActionCommandManager] Register action command extension for command warning
[2026-06-08 14:47:40Z INFO ActionCommandManager] Register action command extension for command error
[2026-06-08 14:47:40Z INFO ActionCommandManager] Register action command extension for command notice
[2026-06-08 14:47:40Z INFO ActionCommandManager] Register action command extension for command debug
[2026-06-08 14:47:40Z INFO ActionCommandManager] Register action command extension for command group
[2026-06-08 14:47:40Z INFO ActionCommandManager] Register action command extension for command endgroup
[2026-06-08 14:47:40Z INFO ActionCommandManager] Register action command extension for command echo
[2026-06-08 14:47:40Z INFO ScriptHandler] Which2: 'pwsh'
[2026-06-08 14:47:40Z INFO ScriptHandler] pwsh: command not found. Make sure 'pwsh' is installed and its location included in the 'Path' environment variable.
[2026-06-08 14:47:40Z INFO ScriptHandler] Defaulting to powershell
[2026-06-08 14:47:40Z INFO ScriptHandler] Which2: 'powershell'
[2026-06-08 14:47:40Z INFO ScriptHandler] Location: 'C:\WINDOWS\System32\WindowsPowerShell\v1.0\powershell.EXE'
[2026-06-08 14:47:40Z INFO HostContext] Well known directory 'Bin': 'C:\Users\mrbob\Desktop\devsopserver\actions-runner\actions-runner\actions-runner\bin'
[2026-06-08 14:47:40Z INFO HostContext] Well known directory 'Root': 'C:\Users\mrbob\Desktop\devsopserver\actions-runner\actions-runner\actions-runner'
[2026-06-08 14:47:40Z INFO HostContext] Well known directory 'Work': 'C:\Users\mrbob\Desktop\devsopserver\actions-runner\actions-runner\actions-runner\_work'
[2026-06-08 14:47:40Z INFO HostContext] Well known directory 'Temp': 'C:\Users\mrbob\Desktop\devsopserver\actions-runner\actions-runner\actions-runner\_work\_temp'
[2026-06-08 14:47:40Z INFO ScriptHandler] Which2: 'pwsh'
[2026-06-08 14:47:40Z INFO ScriptHandler] pwsh: command not found. Make sure 'pwsh' is installed and its location included in the 'Path' environment variable.
[2026-06-08 14:47:40Z INFO ScriptHandler] Defaulting to powershell
[2026-06-08 14:47:40Z INFO ScriptHandler] Which2: 'powershell'
[2026-06-08 14:47:40Z INFO ScriptHandler] Location: 'C:\WINDOWS\System32\WindowsPowerShell\v1.0\powershell.EXE'
[2026-06-08 14:47:40Z INFO ProcessInvokerWrapper] Starting process:
[2026-06-08 14:47:40Z INFO ProcessInvokerWrapper]   File name: 'C:\WINDOWS\System32\WindowsPowerShell\v1.0\powershell.EXE'
[2026-06-08 14:47:40Z INFO ProcessInvokerWrapper]   Arguments: '-command ". 'C:\Users\mrbob\Desktop\devsopserver\actions-runner\actions-runner\actions-runner\_work\_temp\2075a58f-8ca3-4c65-be95-c9d96ee9a206.ps1'"'
[2026-06-08 14:47:40Z INFO ProcessInvokerWrapper]   Working directory: 'C:\Users\mrbob\Desktop\devsopserver\actions-runner\actions-runner\actions-runner\_work\devopsserver\devopsserver'
[2026-06-08 14:47:40Z INFO ProcessInvokerWrapper]   Require exit code zero: 'False'
[2026-06-08 14:47:40Z INFO ProcessInvokerWrapper]   Encoding web name:  ; code page: ''
[2026-06-08 14:47:40Z INFO ProcessInvokerWrapper]   Force kill process on cancellation: 'False'
[2026-06-08 14:47:40Z INFO ProcessInvokerWrapper]   Redirected STDIN: 'False'
[2026-06-08 14:47:40Z INFO ProcessInvokerWrapper]   Persist current code page: 'True'
[2026-06-08 14:47:40Z INFO ProcessInvokerWrapper]   Keep redirected STDIN open: 'False'
[2026-06-08 14:47:40Z INFO ProcessInvokerWrapper]   High priority process: 'False'
[2026-06-08 14:47:40Z INFO ProcessInvokerWrapper] Process started with process id 10156, waiting for process exit.
[2026-06-08 14:47:41Z INFO ProcessInvokerWrapper] STDOUT/STDERR stream read finished.
[2026-06-08 14:47:41Z INFO ProcessInvokerWrapper] STDOUT/STDERR stream read finished.
[2026-06-08 14:47:41Z INFO ProcessInvokerWrapper] Finished process 10156 with exit code 1, and elapsed time 00:00:00.2637392.
[2026-06-08 14:47:41Z INFO CreateStepSummaryCommand] Step Summary file (C:\Users\mrbob\Desktop\devsopserver\actions-runner\actions-runner\actions-runner\_work\_temp\_runner_file_commands\step_summary_22ea4bff-6b7c-44ba-a1a7-9518cc226258) is empty; skipping attachment upload
[2026-06-08 14:47:41Z INFO StepsRunner] Step result: Failed
[2026-06-08 14:47:41Z INFO ExecutionContext] Publish step telemetry for current step {
  "action": "powershell",
  "type": "run",
  "stage": "Main",
  "stepId": "8f1d0c2f-5312-4d8e-b9df-0cf4f61b66e3",
  "stepContextName": "__run",
  "result": "failed",
  "errorMessages": [
    "Process completed with exit code 1."
  ],
  "executionTimeInSeconds": 1,
  "startTime": "2026-06-08T14:47:40.7442938Z",
  "finishTime": "2026-06-08T14:47:41.0923189Z"
}.
[2026-06-08 14:47:41Z INFO StepsRunner] Update job result with current step result 'Failed'.
[2026-06-08 14:47:41Z INFO StepsRunner] Current state: job state = 'Failed'
[2026-06-08 14:47:41Z INFO JobRunner] Finalize job.
[2026-06-08 14:47:41Z INFO HostContext] Well known directory 'Bin': 'C:\Users\mrbob\Desktop\devsopserver\actions-runner\actions-runner\actions-runner\bin'
[2026-06-08 14:47:41Z INFO HostContext] Well known directory 'Root': 'C:\Users\mrbob\Desktop\devsopserver\actions-runner\actions-runner\actions-runner'
[2026-06-08 14:47:41Z INFO HostContext] Well known directory 'Diag': 'C:\Users\mrbob\Desktop\devsopserver\actions-runner\actions-runner\actions-runner\_diag'
[2026-06-08 14:47:41Z INFO HostContext] Well known directory 'Bin': 'C:\Users\mrbob\Desktop\devsopserver\actions-runner\actions-runner\actions-runner\bin'
[2026-06-08 14:47:41Z INFO HostContext] Well known directory 'Root': 'C:\Users\mrbob\Desktop\devsopserver\actions-runner\actions-runner\actions-runner'
[2026-06-08 14:47:41Z INFO HostContext] Well known directory 'Diag': 'C:\Users\mrbob\Desktop\devsopserver\actions-runner\actions-runner\actions-runner\_diag'
[2026-06-08 14:47:41Z INFO JobExtension] Initialize Env context
[2026-06-08 14:47:41Z INFO JobExtension] Initialize steps context
[2026-06-08 14:47:41Z INFO JobExtension] Total accessible running process: 307.
[2026-06-08 14:47:41Z INFO JobExtension] Wait for all connectivity checks to finish.
[2026-06-08 14:47:41Z INFO JobExtension] Connectivity check result: GitHub.Runner.Worker.JobExtension+CheckResult
[2026-06-08 14:47:41Z INFO JobExtension] Connectivity check result: GitHub.Runner.Worker.JobExtension+CheckResult
[2026-06-08 14:47:41Z INFO JobExtension] Connectivity check result: GitHub.Runner.Worker.JobExtension+CheckResult
[2026-06-08 14:47:41Z INFO ExecutionContext] Publish step telemetry for current step {
  "action": "complete_job",
  "type": "runner",
  "stage": "Post",
  "stepId": "e084df1f-60c2-4c95-b912-f5621aeeb811",
  "result": "succeeded",
  "errorMessages": [],
  "executionTimeInSeconds": 1,
  "startTime": "2026-06-08T14:47:41.0981645Z",
  "finishTime": "2026-06-08T14:47:41.5480851Z"
}.
[2026-06-08 14:47:41Z INFO JobRunner] Job result after all job steps finish: Failed
[2026-06-08 14:47:41Z INFO JobRunner] Completing the job execution context.
[2026-06-08 14:47:41Z INFO JobRunner] Shutting down the job server queue.
[2026-06-08 14:47:41Z INFO JobServerQueue] Fire signal to shutdown all queues.
[2026-06-08 14:47:41Z INFO ResultServer] Successfully started websocket client.
[2026-06-08 14:47:41Z INFO JobServerQueue] Try to append 1 batches web console lines for record '0a74ef2f-f5c3-4bb9-a9f7-b9ddf94efca2', success rate: 1/1.
[2026-06-08 14:47:41Z INFO JobServerQueue] Try to append 1 batches web console lines for record '8f1d0c2f-5312-4d8e-b9df-0cf4f61b66e3', success rate: 1/1.
[2026-06-08 14:47:41Z INFO JobServerQueue] Job timeline record has been updated for the first time.
[2026-06-08 14:47:42Z INFO JobServerQueue] All queue process task stopped.
[2026-06-08 14:47:42Z INFO JobServerQueue] Try to append 1 batches web console lines for record '8f1d0c2f-5312-4d8e-b9df-0cf4f61b66e3', success rate: 1/1.
[2026-06-08 14:47:42Z INFO JobServerQueue] Try to append 1 batches web console lines for record 'e084df1f-60c2-4c95-b912-f5621aeeb811', success rate: 1/1.
[2026-06-08 14:47:42Z INFO JobServerQueue] Web console line queue drained.
[2026-06-08 14:47:42Z INFO JobServerQueue] Uploading 4 files in one shot.
[2026-06-08 14:47:42Z INFO JobServerQueue] Try to upload 4 log files or attachments, success rate: 4/4.
[2026-06-08 14:47:42Z INFO JobServerQueue] File upload queue drained.
[2026-06-08 14:47:42Z INFO JobServerQueue] Starting results-based upload queue...
[2026-06-08 14:47:42Z INFO JobServerQueue] Uploading 4 file(s) in one shot through results service.
[2026-06-08 14:47:42Z INFO JobServerQueue] Got a step log file to send to results service.
[2026-06-08 14:47:42Z INFO JobServerQueue] Starting upload of step log file to results service ResultsLog, C:\Users\mrbob\Desktop\devsopserver\actions-runner\actions-runner\actions-runner\_diag\blocks\9377bd1a-a9a3-4cdf-968a-2d75c0738954_0a74ef2f-f5c3-4bb9-a9f7-b9ddf94efca2.1
[2026-06-08 14:47:43Z INFO JobServerQueue] Got a step log file to send to results service.
[2026-06-08 14:47:43Z INFO JobServerQueue] Starting upload of step log file to results service ResultsLog, C:\Users\mrbob\Desktop\devsopserver\actions-runner\actions-runner\actions-runner\_diag\blocks\9377bd1a-a9a3-4cdf-968a-2d75c0738954_8f1d0c2f-5312-4d8e-b9df-0cf4f61b66e3.1
[2026-06-08 14:47:44Z INFO JobServerQueue] Got a step log file to send to results service.
[2026-06-08 14:47:44Z INFO JobServerQueue] Starting upload of step log file to results service ResultsLog, C:\Users\mrbob\Desktop\devsopserver\actions-runner\actions-runner\actions-runner\_diag\blocks\9377bd1a-a9a3-4cdf-968a-2d75c0738954_e084df1f-60c2-4c95-b912-f5621aeeb811.1
[2026-06-08 14:47:45Z INFO JobServerQueue] Got a job log file to send to results service.
[2026-06-08 14:47:45Z INFO JobServerQueue] Starting upload of job log file to results service ResultsLog, C:\Users\mrbob\Desktop\devsopserver\actions-runner\actions-runner\actions-runner\_diag\blocks\9377bd1a-a9a3-4cdf-968a-2d75c0738954_c1224da2-0011-5934-bcf4-b876934a0da4.1
[2026-06-08 14:47:46Z INFO JobServerQueue] Tried to upload 4 file(s) to results, success rate: 4/4.
[2026-06-08 14:47:46Z INFO JobServerQueue] Results upload queue drained.
[2026-06-08 14:47:46Z INFO JobServerQueue] Timeline update queue drained.
[2026-06-08 14:47:46Z INFO JobServerQueue] Disposing job server ...
[2026-06-08 14:47:46Z INFO JobServerQueue] Disposing results server ...
[2026-06-08 14:47:46Z INFO JobServerQueue] All queue process tasks have been stopped, and all queues are drained.
[2026-06-08 14:47:46Z INFO TempDirectoryManager] Cleaning runner temp folder: C:\Users\mrbob\Desktop\devsopserver\actions-runner\actions-runner\actions-runner\_work\_temp
[2026-06-08 14:47:46Z INFO HostContext] Well known directory 'Bin': 'C:\Users\mrbob\Desktop\devsopserver\actions-runner\actions-runner\actions-runner\bin'
[2026-06-08 14:47:46Z INFO HostContext] Well known directory 'Root': 'C:\Users\mrbob\Desktop\devsopserver\actions-runner\actions-runner\actions-runner'
[2026-06-08 14:47:46Z INFO HostContext] Well known directory 'Diag': 'C:\Users\mrbob\Desktop\devsopserver\actions-runner\actions-runner\actions-runner\_diag'
[2026-06-08 14:47:46Z INFO HostContext] Well known config file 'Telemetry': 'C:\Users\mrbob\Desktop\devsopserver\actions-runner\actions-runner\actions-runner\_diag\.telemetry'
[2026-06-08 14:47:46Z INFO JobRunner] Raising job completed against run service
[2026-06-08 14:47:47Z INFO Worker] Job completed.
