[2026-06-08 18:26:48Z INFO HostContext] No proxy settings were found based on environmental variables (http_proxy/https_proxy/HTTP_PROXY/HTTPS_PROXY)
[2026-06-08 18:26:48Z INFO HostContext] Well known directory 'Bin': 'C:\Users\mrbob\Desktop\devsopserver\actions-runner\bin'
[2026-06-08 18:26:48Z INFO HostContext] Well known directory 'Root': 'C:\Users\mrbob\Desktop\devsopserver\actions-runner'
[2026-06-08 18:26:48Z INFO HostContext] Well known config file 'Credentials': 'C:\Users\mrbob\Desktop\devsopserver\actions-runner\.credentials'
[2026-06-08 18:26:49Z INFO HostContext] Well known directory 'Bin': 'C:\Users\mrbob\Desktop\devsopserver\actions-runner\bin'
[2026-06-08 18:26:49Z INFO HostContext] Well known directory 'Root': 'C:\Users\mrbob\Desktop\devsopserver\actions-runner'
[2026-06-08 18:26:49Z INFO HostContext] Well known config file 'Runner': 'C:\Users\mrbob\Desktop\devsopserver\actions-runner\.runner'
[2026-06-08 18:26:49Z INFO Worker] Version: 2.334.0
[2026-06-08 18:26:49Z INFO Worker] Commit: f1995ede5d885c997d13d8eca5467c4ce97fe69c
[2026-06-08 18:26:49Z INFO Worker] Culture: en-US
[2026-06-08 18:26:49Z INFO Worker] UI Culture: en-US
[2026-06-08 18:26:49Z INFO Worker] Waiting to receive the job message from the channel.
[2026-06-08 18:26:49Z INFO ProcessChannel] Receiving message of length 22885, with hash '5ffb16652cf128d1c4d268d04f99da52a4ae36f4f9309b896b5dbef4697823ce'
[2026-06-08 18:26:49Z INFO Worker] Message received.
[2026-06-08 18:26:49Z INFO Worker] Job message:
 {
  "fileTable": [
    ".github/workflows/deploy.yml"
  ],
  "mask": [
    {
      "type": "regex",
      "value": "***"
    },
    {
      "type": "regex",
      "value": "***"
    },
    {
      "type": "regex",
      "value": "***"
    },
    {
      "type": "regex",
      "value": "***"
    },
    {
      "type": "regex",
      "value": "***"
    },
    {
      "type": "regex",
      "value": "***"
    },
    {
      "type": "regex",
      "value": "***"
    },
    {
      "type": "regex",
      "value": "***"
    },
    {
      "type": "regex",
      "value": "***"
    },
    {
      "type": "regex",
      "value": "***"
    },
    {
      "type": "regex",
      "value": "***"
    },
    {
      "type": "regex",
      "value": "***"
    },
    {
      "type": "regex",
      "value": "***"
    },
    {
      "type": "regex",
      "value": "***"
    },
    {
      "type": "regex",
      "value": "***"
    },
    {
      "type": "regex",
      "value": "***"
    },
    {
      "type": "regex",
      "value": "***"
    },
    {
      "type": "regex",
      "value": "***"
    },
    {
      "type": "regex",
      "value": "***"
    },
    {
      "type": "regex",
      "value": "***"
    },
    {
      "type": "regex",
      "value": "***"
    },
    {
      "type": "regex",
      "value": "***"
    },
    {
      "type": "regex",
      "value": "***"
    },
    {
      "type": "regex",
      "value": "***"
    }
  ],
  "steps": [
    {
      "type": "action",
      "reference": {
        "type": "repository",
        "name": "actions/checkout",
        "ref": "v4",
        "repositoryType": "GitHub"
      },
      "displayNameToken": {
        "type": 0,
        "file": 1,
        "line": 14,
        "col": 15,
        "lit": "Checkout Code"
      },
      "contextName": "__actions_checkout",
      "condition": "success()",
      "id": "4898ddfe-f3bd-45e2-9ed5-25cb2eb6983c",
      "name": "__actions_checkout"
    },
    {
      "type": "action",
      "reference": {
        "type": "script"
      },
      "displayNameToken": {
        "type": 0,
        "file": 1,
        "line": 18,
        "col": 15,
        "lit": "Build Docker Image"
      },
      "contextName": "__run",
      "inputs": {
        "type": 2,
        "map": [
          {
            "key": "script",
            "value": {
              "type": 0,
              "file": 1,
              "line": 19,
              "col": 14,
              "lit": "docker build -t my-nginx-app:latest ."
            }
          }
        ]
      },
      "condition": "success()",
      "id": "821dfc91-5dfd-444e-bd89-fa6d292d8db9",
      "name": "__run"
    },
    {
      "type": "action",
      "reference": {
        "type": "script"
      },
      "displayNameToken": {
        "type": 0,
        "file": 1,
        "line": 22,
        "col": 15,
        "lit": "Cleanup Old Container"
      },
      "contextName": "__run_2",
      "inputs": {
        "type": 2,
        "map": [
          {
            "key": "script",
            "value": {
              "type": 0,
              "file": 1,
              "line": 23,
              "col": 14,
              "lit": "docker stop my-nginx-container || true\ndocker rm my-nginx-container || true\n"
            }
          }
        ]
      },
      "condition": "success()",
      "id": "308d3e18-4d44-4def-b05e-20d8a0a38358",
      "name": "__run_2"
    },
    {
      "type": "action",
      "reference": {
        "type": "script"
      },
      "displayNameToken": {
        "type": 0,
        "file": 1,
        "line": 29,
        "col": 15,
        "lit": "Run New Container"
      },
      "contextName": "__run_3",
      "inputs": {
        "type": 2,
        "map": [
          {
            "key": "script",
            "value": {
              "type": 0,
              "file": 1,
              "line": 30,
              "col": 14,
              "lit": "docker run -d -p 8080:80 --name my-nginx-container my-nginx-app:latestCopied!"
            }
          }
        ]
      },
      "condition": "success()",
      "id": "fa9ea166-d9b5-4806-b625-b0dcb826a691",
      "name": "__run_3"
    }
  ],
  "variables": {
    "Actions.EnableHttpRedirects": {
      "value": "true"
    },
    "DistributedTask.AddWarningToNode12Action": {
      "value": "true"
    },
    "DistributedTask.AddWarningToNode16Action": {
      "value": "true"
    },
    "DistributedTask.AllowRunnerContainerHooks": {
      "value": "true"
    },
    "DistributedTask.DeprecateStepOutputCommands": {
      "value": "true"
    },
    "DistributedTask.DetailUntarFailure": {
      "value": "true"
    },
    "DistributedTask.EnableCompositeActions": {
      "value": "true"
    },
    "DistributedTask.EnableJobServerQueueTelemetry": {
      "value": "true"
    },
    "DistributedTask.EnhancedAnnotations": {
      "value": "true"
    },
    "DistributedTask.ForceGithubJavascriptActionsToNode16": {
      "value": "true"
    },
    "DistributedTask.ForceGithubJavascriptActionsToNode20": {
      "value": "true"
    },
    "DistributedTask.LogTemplateErrorsAsDebugMessages": {
      "value": "true"
    },
    "DistributedTask.MarkJobAsFailedOnWorkerCrash": {
      "value": "true"
    },
    "DistributedTask.NewActionMetadata": {
      "value": "true"
    },
    "DistributedTask.UploadStepSummary": {
      "value": "true"
    },
    "DistributedTask.UseActionArchiveCache": {
      "value": "true"
    },
    "DistributedTask.UseWhich2": {
      "value": "true"
    },
    "RunService.FixEmbeddedIssues": {
      "value": "true"
    },
    "actions.runner.requirenode24": {
      "value": "false"
    },
    "actions.runner.usenode24bydefault": {
      "value": "false"
    },
    "actions.runner.warnonnode20": {
      "value": "true"
    },
    "actions_add_check_run_id_to_job_context": {
      "value": "true"
    },
    "actions_batch_action_resolution": {
      "value": "false"
    },
    "actions_container_action_runner_temp": {
      "value": "true"
    },
    "actions_display_helpful_actions_download_errors": {
      "value": "true"
    },
    "actions_runner_compare_workflow_parser": {
      "value": "false"
    },
    "actions_runner_deprecate_linux_arm32": {
      "value": "false"
    },
    "actions_runner_emit_composite_markers": {
      "value": "false"
    },
    "actions_runner_kill_linux_arm32": {
      "value": "false"
    },
    "actions_runner_node20_removal_date": {
      "value": ""
    },
    "actions_runner_node24_default_date": {
      "value": "June 16th, 2026"
    },
    "actions_service_container_command": {
      "value": "true"
    },
    "actions_set_orchestration_id_env_for_actions": {
      "value": "true"
    },
    "actions_skip_retry_complete_job_upon_known_errors": {
      "value": "true"
    },
    "actions_snapshot_preflight_hosted_runner_check": {
      "value": "false"
    },
    "actions_snapshot_preflight_image_gen_pool_check": {
      "value": "false"
    },
    "actions_use_bearer_token_for_codeload": {
      "value": "false"
    },
    "actions_uses_cache_service_v2": {
      "value": "true"
    },
    "github_token": {
      "value": "***",
      "isSecret": true
    },
    "system.from_run_service": {
      "value": "true"
    },
    "system.github.job": {
      "value": "build-and-deploy-local"
    },
    "system.github.launch_endpoint": {
      "value": "https://launch.actions.githubusercontent.com"
    },
    "system.github.results_endpoint": {
      "value": "https://results-receiver.actions.githubusercontent.com/"
    },
    "system.github.results_upload_with_sdk": {
      "value": "true"
    },
    "system.github.token": {
      "value": "***",
      "isSecret": true
    },
    "system.github.token.permissions": {
      "value": "{\"Contents\":\"read\",\"Metadata\":\"read\",\"Packages\":\"read\"}"
    },
    "system.orchestrationId": {
      "value": "ec2974fb-fb62-4c2e-b881-437f6aa42883.build-and-deploy-local.__default"
    },
    "system.phaseDisplayName": {
      "value": "build-and-deploy-local"
    },
    "system.runner.lowdiskspacethreshold": {
      "value": "100"
    },
    "system.runnerEnvironment": {
      "value": "self-hosted"
    },
    "system.runnerGroupName": {
      "value": "Default"
    }
  },
  "messageType": "RunnerJobRequest",
  "plan": {
    "scopeIdentifier": "00000000-0000-0000-0000-000000000000",
    "planType": "actions",
    "version": 0,
    "planId": "ec2974fb-fb62-4c2e-b881-437f6aa42883",
    "planGroup": null,
    "artifactUri": null,
    "artifactLocation": null,
    "definition": null,
    "owner": null
  },
  "timeline": {
    "id": "ec2974fb-fb62-4c2e-b881-437f6aa42883",
    "changeId": 0,
    "location": null
  },
  "jobId": "8dc179d9-b025-56e6-93b3-ff45d2c6c9bf",
  "jobDisplayName": "build-and-deploy-local",
  "jobName": "__default",
  "requestId": 0,
  "lockedUntil": "0001-01-01T00:00:00",
  "resources": {
    "endpoints": [
      {
        "data": {
          "ServerId": "",
          "ServerName": "",
          "CacheServerUrl": "https://artifactcache.actions.githubusercontent.com/JTxBlMAHgkCOhzmlO7NaY3TsafxQWoWVuPwCgirzNHnvvyywn2/",
          "FeedStreamUrl": "wss://results-receiver.actions.githubusercontent.com/_ws/ingest.sock",
          "ResultsServiceUrl": "https://results-receiver.actions.githubusercontent.com/",
          "PipelinesServiceUrl": "https://pipelinesghubeus25.actions.githubusercontent.com/JTxBlMAHgkCOhzmlO7NaY3TsafxQWoWVuPwCgirzNHnvvyywn2/",
          "GenerateIdTokenUrl": "",
          "ConnectivityChecks": "[\"https://broker.actions.githubusercontent.com/health\",\"https://token.actions.githubusercontent.com/ready\",\"https://run.actions.githubusercontent.com/health\"]"
        },
        "name": "SystemVssConnection",
        "url": "https://run-actions-1-azure-eastus.actions.githubusercontent.com/152/",
        "authorization": {
          "parameters": {
            "AccessToken": "***"
          },
          "scheme": "OAuth"
        },
        "isShared": false,
        "isReady": true
      }
    ]
  },
  "contextData": {
    "github": {
      "t": 2,
      "d": [
        {
          "k": "ref",
          "v": "refs/heads/main"
        },
        {
          "k": "sha",
          "v": "c3f7cfc01be62d67dff36f57972623012c894924"
        },
        {
          "k": "repository",
          "v": "oeunchhinh-ux/devopsserver"
        },
        {
          "k": "repository_owner",
          "v": "oeunchhinh-ux"
        },
        {
          "k": "repository_owner_id",
          "v": "255172684"
        },
        {
          "k": "repositoryUrl",
          "v": "git://github.com/oeunchhinh-ux/devopsserver.git"
        },
        {
          "k": "run_id",
          "v": "27151353179"
        },
        {
          "k": "run_number",
          "v": "5"
        },
        {
          "k": "retention_days",
          "v": "90"
        },
        {
          "k": "run_attempt",
          "v": "2"
        },
        {
          "k": "artifact_cache_size_limit",
          "v": "10"
        },
        {
          "k": "repository_visibility",
          "v": "public"
        },
        {
          "k": "actor_id",
          "v": "255172684"
        },
        {
          "k": "actor",
          "v": "oeunchhinh-ux"
        },
        {
          "k": "workflow",
          "v": "Local Docker Deploy"
        },
        {
          "k": "head_ref",
          "v": ""
        },
        {
          "k": "base_ref",
          "v": ""
        },
        {
          "k": "event_name",
          "v": "push"
        },
        {
          "k": "server_url",
          "v": "https://github.com"
        },
        {
          "k": "api_url",
          "v": "https://api.github.com"
        },
        {
          "k": "graphql_url",
          "v": "https://api.github.com/graphql"
        },
        {
          "k": "ref_name",
          "v": "main"
        },
        {
          "k": "ref_protected",
          "v": false
        },
        {
          "k": "ref_type",
          "v": "branch"
        },
        {
          "k": "secret_source",
          "v": "Actions"
        },
        {
          "k": "event",
          "v": {
            "t": 2,
            "d": [
              {
                "k": "after",
                "v": "c3f7cfc01be62d67dff36f57972623012c894924"
              },
              {
                "k": "base_ref",
                "v": null
              },
              {
                "k": "before",
                "v": "cc96c6864d8258504485d3c56c593d54b21f1bb4"
              },
              {
                "k": "commits",
                "v": {
                  "t": 1,
                  "a": [
                    {
                      "t": 2,
                      "d": [
                        {
                          "k": "author",
                          "v": {
                            "t": 2,
                            "d": [
                              {
                                "k": "email",
                                "v": "mrbob101signal@gmail.com"
                              },
                              {
                                "k": "name",
                                "v": "Chhinh"
                              },
                              {
                                "k": "username",
                                "v": "mrbob101signal-bit"
                              }
                            ]
                          }
                        },
                        {
                          "k": "committer",
                          "v": {
                            "t": 2,
                            "d": [
                              {
                                "k": "email",
                                "v": "mrbob101signal@gmail.com"
                              },
                              {
                                "k": "name",
                                "v": "Chhinh"
                              },
                              {
                                "k": "username",
                                "v": "mrbob101signal-bit"
                              }
                            ]
                          }
                        },
                        {
                          "k": "distinct",
                          "v": true
                        },
                        {
                          "k": "id",
                          "v": "c3f7cfc01be62d67dff36f57972623012c894924"
                        },
                        {
                          "k": "message",
                          "v": "Remove GitHub runner files"
                        },
                        {
                          "k": "timestamp",
                          "v": "2026-06-08T23:18:53+07:00"
                        },
                        {
                          "k": "tree_id",
                          "v": "0ec11139dcf2f71abf32e798cc3dce3c76dd02f2"
                        },
                        {
                          "k": "url",
                          "v": "https://github.com/oeunchhinh-ux/devopsserver/commit/c3f7cfc01be62d67dff36f57972623012c894924"
                        }
                      ]
                    }
                  ]
                }
              },
              {
                "k": "compare",
                "v": "https://github.com/oeunchhinh-ux/devopsserver/compare/cc96c6864d82...c3f7cfc01be6"
              },
              {
                "k": "created",
                "v": false
              },
              {
                "k": "deleted",
                "v": false
              },
              {
                "k": "forced",
                "v": false
              },
              {
                "k": "head_commit",
                "v": {
                  "t": 2,
                  "d": [
                    {
                      "k": "author",
                      "v": {
                        "t": 2,
                        "d": [
                          {
                            "k": "email",
                            "v": "mrbob101signal@gmail.com"
                          },
                          {
                            "k": "name",
                            "v": "Chhinh"
                          },
                          {
                            "k": "username",
                            "v": "mrbob101signal-bit"
                          }
                        ]
                      }
                    },
                    {
                      "k": "committer",
                      "v": {
                        "t": 2,
                        "d": [
                          {
                            "k": "email",
                            "v": "mrbob101signal@gmail.com"
                          },
                          {
                            "k": "name",
                            "v": "Chhinh"
                          },
                          {
                            "k": "username",
                            "v": "mrbob101signal-bit"
                          }
                        ]
                      }
                    },
                    {
                      "k": "distinct",
                      "v": true
                    },
                    {
                      "k": "id",
                      "v": "c3f7cfc01be62d67dff36f57972623012c894924"
                    },
                    {
                      "k": "message",
                      "v": "Remove GitHub runner files"
                    },
                    {
                      "k": "timestamp",
                      "v": "2026-06-08T23:18:53+07:00"
                    },
                    {
                      "k": "tree_id",
                      "v": "0ec11139dcf2f71abf32e798cc3dce3c76dd02f2"
                    },
                    {
                      "k": "url",
                      "v": "https://github.com/oeunchhinh-ux/devopsserver/commit/c3f7cfc01be62d67dff36f57972623012c894924"
                    }
                  ]
                }
              },
              {
                "k": "pusher",
                "v": {
                  "t": 2,
                  "d": [
                    {
                      "k": "email",
                      "v": "oeunchhinh@gmail.com"
                    },
                    {
                      "k": "name",
                      "v": "oeunchhinh-ux"
                    }
                  ]
                }
              },
              {
                "k": "ref",
                "v": "refs/heads/main"
              },
              {
                "k": "repository",
                "v": {
                  "t": 2,
                  "d": [
                    {
                      "k": "allow_forking",
                      "v": true
                    },
                    {
                      "k": "archive_url",
                      "v": "https://api.github.com/repos/oeunchhinh-ux/devopsserver/{archive_format}{/ref}"
                    },
                    {
                      "k": "archived",
                      "v": false
                    },
                    {
                      "k": "assignees_url",
                      "v": "https://api.github.com/repos/oeunchhinh-ux/devopsserver/assignees{/user}"
                    },
                    {
                      "k": "blobs_url",
                      "v": "https://api.github.com/repos/oeunchhinh-ux/devopsserver/git/blobs{/sha}"
                    },
                    {
                      "k": "branches_url",
                      "v": "https://api.github.com/repos/oeunchhinh-ux/devopsserver/branches{/branch}"
                    },
                    {
                      "k": "clone_url",
                      "v": "https://github.com/oeunchhinh-ux/devopsserver.git"
                    },
                    {
                      "k": "collaborators_url",
                      "v": "https://api.github.com/repos/oeunchhinh-ux/devopsserver/collaborators{/collaborator}"
                    },
                    {
                      "k": "comments_url",
                      "v": "https://api.github.com/repos/oeunchhinh-ux/devopsserver/comments{/number}"
                    },
                    {
                      "k": "commits_url",
                      "v": "https://api.github.com/repos/oeunchhinh-ux/devopsserver/commits{/sha}"
                    },
                    {
                      "k": "compare_url",
                      "v": "https://api.github.com/repos/oeunchhinh-ux/devopsserver/compare/{base}...{head}"
                    },
                    {
                      "k": "contents_url",
                      "v": "https://api.github.com/repos/oeunchhinh-ux/devopsserver/contents/{+path}"
                    },
                    {
                      "k": "contributors_url",
                      "v": "https://api.github.com/repos/oeunchhinh-ux/devopsserver/contributors"
                    },
                    {
                      "k": "created_at",
                      "v": 1780921996.0
                    },
                    {
                      "k": "default_branch",
                      "v": "main"
                    },
                    {
                      "k": "deployments_url",
                      "v": "https://api.github.com/repos/oeunchhinh-ux/devopsserver/deployments"
                    },
                    {
                      "k": "description",
                      "v": null
                    },
                    {
                      "k": "disabled",
                      "v": false
                    },
                    {
                      "k": "downloads_url",
                      "v": "https://api.github.com/repos/oeunchhinh-ux/devopsserver/downloads"
                    },
                    {
                      "k": "events_url",
                      "v": "https://api.github.com/repos/oeunchhinh-ux/devopsserver/events"
                    },
                    {
                      "k": "fork",
                      "v": false
                    },
                    {
                      "k": "forks",
                      "v": 0.0
                    },
                    {
                      "k": "forks_count",
                      "v": 0.0
                    },
                    {
                      "k": "forks_url",
                      "v": "https://api.github.com/repos/oeunchhinh-ux/devopsserver/forks"
                    },
                    {
                      "k": "full_name",
                      "v": "oeunchhinh-ux/devopsserver"
                    },
                    {
                      "k": "git_commits_url",
                      "v": "https://api.github.com/repos/oeunchhinh-ux/devopsserver/git/commits{/sha}"
                    },
                    {
                      "k": "git_refs_url",
                      "v": "https://api.github.com/repos/oeunchhinh-ux/devopsserver/git/refs{/sha}"
                    },
                    {
                      "k": "git_tags_url",
                      "v": "https://api.github.com/repos/oeunchhinh-ux/devopsserver/git/tags{/sha}"
                    },
                    {
                      "k": "git_url",
                      "v": "git://github.com/oeunchhinh-ux/devopsserver.git"
                    },
                    {
                      "k": "has_discussions",
                      "v": false
                    },
                    {
                      "k": "has_downloads",
                      "v": true
                    },
                    {
                      "k": "has_issues",
                      "v": true
                    },
                    {
                      "k": "has_pages",
                      "v": false
                    },
                    {
                      "k": "has_projects",
                      "v": true
                    },
                    {
                      "k": "has_pull_requests",
                      "v": true
                    },
                    {
                      "k": "has_wiki",
                      "v": true
                    },
                    {
                      "k": "homepage",
                      "v": null
                    },
                    {
                      "k": "hooks_url",
                      "v": "https://api.github.com/repos/oeunchhinh-ux/devopsserver/hooks"
                    },
                    {
                      "k": "html_url",
                      "v": "https://github.com/oeunchhinh-ux/devopsserver"
                    },
                    {
                      "k": "id",
                      "v": 1262900421.0
                    },
                    {
                      "k": "is_template",
                      "v": false
                    },
                    {
                      "k": "issue_comment_url",
                      "v": "https://api.github.com/repos/oeunchhinh-ux/devopsserver/issues/comments{/number}"
                    },
                    {
                      "k": "issue_events_url",
                      "v": "https://api.github.com/repos/oeunchhinh-ux/devopsserver/issues/events{/number}"
                    },
                    {
                      "k": "issues_url",
                      "v": "https://api.github.com/repos/oeunchhinh-ux/devopsserver/issues{/number}"
                    },
                    {
                      "k": "keys_url",
                      "v": "https://api.github.com/repos/oeunchhinh-ux/devopsserver/keys{/key_id}"
                    },
                    {
                      "k": "labels_url",
                      "v": "https://api.github.com/repos/oeunchhinh-ux/devopsserver/labels{/name}"
                    },
                    {
                      "k": "language",
                      "v": "JavaScript"
                    },
                    {
                      "k": "languages_url",
                      "v": "https://api.github.com/repos/oeunchhinh-ux/devopsserver/languages"
                    },
                    {
                      "k": "license",
                      "v": null
                    },
                    {
                      "k": "master_branch",
                      "v": "main"
                    },
                    {
                      "k": "merges_url",
                      "v": "https://api.github.com/repos/oeunchhinh-ux/devopsserver/merges"
                    },
                    {
                      "k": "milestones_url",
                      "v": "https://api.github.com/repos/oeunchhinh-ux/devopsserver/milestones{/number}"
                    },
                    {
                      "k": "mirror_url",
                      "v": null
                    },
                    {
                      "k": "name",
                      "v": "devopsserver"
                    },
                    {
                      "k": "node_id",
                      "v": "R_kgDOS0ZUxQ"
                    },
                    {
                      "k": "notifications_url",
                      "v": "https://api.github.com/repos/oeunchhinh-ux/devopsserver/notifications{?since,all,participating}"
                    },
                    {
                      "k": "open_issues",
                      "v": 0.0
                    },
                    {
                      "k": "open_issues_count",
                      "v": 0.0
                    },
                    {
                      "k": "owner",
                      "v": {
                        "t": 2,
                        "d": [
                          {
                            "k": "avatar_url",
                            "v": "https://avatars.githubusercontent.com/u/255172684?v=4"
                          },
                          {
                            "k": "email",
                            "v": "oeunchhinh@gmail.com"
                          },
                          {
                            "k": "events_url",
                            "v": "https://api.github.com/users/oeunchhinh-ux/events{/privacy}"
                          },
                          {
                            "k": "followers_url",
                            "v": "https://api.github.com/users/oeunchhinh-ux/followers"
                          },
                          {
                            "k": "following_url",
                            "v": "https://api.github.com/users/oeunchhinh-ux/following{/other_user}"
                          },
                          {
                            "k": "gists_url",
                            "v": "https://api.github.com/users/oeunchhinh-ux/gists{/gist_id}"
                          },
                          {
                            "k": "gravatar_id",
                            "v": ""
                          },
                          {
                            "k": "html_url",
                            "v": "https://github.com/oeunchhinh-ux"
                          },
                          {
                            "k": "id",
                            "v": 255172684.0
                          },
                          {
                            "k": "login",
                            "v": "oeunchhinh-ux"
                          },
                          {
                            "k": "name",
                            "v": "oeunchhinh-ux"
                          },
                          {
                            "k": "node_id",
                            "v": "U_kgDODzWgTA"
                          },
                          {
                            "k": "organizations_url",
                            "v": "https://api.github.com/users/oeunchhinh-ux/orgs"
                          },
                          {
                            "k": "received_events_url",
                            "v": "https://api.github.com/users/oeunchhinh-ux/received_events"
                          },
                          {
                            "k": "repos_url",
                            "v": "https://api.github.com/users/oeunchhinh-ux/repos"
                          },
                          {
                            "k": "site_admin",
                            "v": false
                          },
                          {
                            "k": "starred_url",
                            "v": "https://api.github.com/users/oeunchhinh-ux/starred{/owner}{/repo}"
                          },
                          {
                            "k": "subscriptions_url",
                            "v": "https://api.github.com/users/oeunchhinh-ux/subscriptions"
                          },
                          {
                            "k": "type",
                            "v": "User"
                          },
                          {
                            "k": "url",
                            "v": "https://api.github.com/users/oeunchhinh-ux"
                          },
                          {
                            "k": "user_view_type",
                            "v": "public"
                          }
                        ]
                      }
                    },
                    {
                      "k": "private",
                      "v": false
                    },
                    {
                      "k": "pull_request_creation_policy",
                      "v": "all"
                    },
                    {
                      "k": "pulls_url",
                      "v": "https://api.github.com/repos/oeunchhinh-ux/devopsserver/pulls{/number}"
                    },
                    {
                      "k": "pushed_at",
                      "v": 1780935538.0
                    },
                    {
                      "k": "releases_url",
                      "v": "https://api.github.com/repos/oeunchhinh-ux/devopsserver/releases{/id}"
                    },
                    {
                      "k": "size",
                      "v": 178537.0
                    },
                    {
                      "k": "ssh_url",
                      "v": "git@github.com:oeunchhinh-ux/devopsserver.git"
                    },
                    {
                      "k": "stargazers",
                      "v": 0.0
                    },
                    {
                      "k": "stargazers_count",
                      "v": 0.0
                    },
                    {
                      "k": "stargazers_url",
                      "v": "https://api.github.com/repos/oeunchhinh-ux/devopsserver/stargazers"
                    },
                    {
                      "k": "statuses_url",
                      "v": "https://api.github.com/repos/oeunchhinh-ux/devopsserver/statuses/{sha}"
                    },
                    {
                      "k": "subscribers_url",
                      "v": "https://api.github.com/repos/oeunchhinh-ux/devopsserver/subscribers"
                    },
                    {
                      "k": "subscription_url",
                      "v": "https://api.github.com/repos/oeunchhinh-ux/devopsserver/subscription"
                    },
                    {
                      "k": "svn_url",
                      "v": "https://github.com/oeunchhinh-ux/devopsserver"
                    },
                    {
                      "k": "tags_url",
                      "v": "https://api.github.com/repos/oeunchhinh-ux/devopsserver/tags"
                    },
                    {
                      "k": "teams_url",
                      "v": "https://api.github.com/repos/oeunchhinh-ux/devopsserver/teams"
                    },
                    {
                      "k": "topics",
                      "v": {
                        "t": 1
                      }
                    },
                    {
                      "k": "trees_url",
                      "v": "https://api.github.com/repos/oeunchhinh-ux/devopsserver/git/trees{/sha}"
                    },
                    {
                      "k": "updated_at",
                      "v": "2026-06-08T16:13:28Z"
                    },
                    {
                      "k": "url",
                      "v": "https://api.github.com/repos/oeunchhinh-ux/devopsserver"
                    },
                    {
                      "k": "visibility",
                      "v": "public"
                    },
                    {
                      "k": "watchers",
                      "v": 0.0
                    },
                    {
                      "k": "watchers_count",
                      "v": 0.0
                    },
                    {
                      "k": "web_commit_signoff_required",
                      "v": false
                    }
                  ]
                }
              },
              {
                "k": "sender",
                "v": {
                  "t": 2,
                  "d": [
                    {
                      "k": "avatar_url",
                      "v": "https://avatars.githubusercontent.com/u/255172684?v=4"
                    },
                    {
                      "k": "events_url",
                      "v": "https://api.github.com/users/oeunchhinh-ux/events{/privacy}"
                    },
                    {
                      "k": "followers_url",
                      "v": "https://api.github.com/users/oeunchhinh-ux/followers"
                    },
                    {
                      "k": "following_url",
                      "v": "https://api.github.com/users/oeunchhinh-ux/following{/other_user}"
                    },
                    {
                      "k": "gists_url",
                      "v": "https://api.github.com/users/oeunchhinh-ux/gists{/gist_id}"
                    },
                    {
                      "k": "gravatar_id",
                      "v": ""
                    },
                    {
                      "k": "html_url",
                      "v": "https://github.com/oeunchhinh-ux"
                    },
                    {
                      "k": "id",
                      "v": 255172684.0
                    },
                    {
                      "k": "login",
                      "v": "oeunchhinh-ux"
                    },
                    {
                      "k": "node_id",
                      "v": "U_kgDODzWgTA"
                    },
                    {
                      "k": "organizations_url",
                      "v": "https://api.github.com/users/oeunchhinh-ux/orgs"
                    },
                    {
                      "k": "received_events_url",
                      "v": "https://api.github.com/users/oeunchhinh-ux/received_events"
                    },
                    {
                      "k": "repos_url",
                      "v": "https://api.github.com/users/oeunchhinh-ux/repos"
                    },
                    {
                      "k": "site_admin",
                      "v": false
                    },
                    {
                      "k": "starred_url",
                      "v": "https://api.github.com/users/oeunchhinh-ux/starred{/owner}{/repo}"
                    },
                    {
                      "k": "subscriptions_url",
                      "v": "https://api.github.com/users/oeunchhinh-ux/subscriptions"
                    },
                    {
                      "k": "type",
                      "v": "User"
                    },
                    {
                      "k": "url",
                      "v": "https://api.github.com/users/oeunchhinh-ux"
                    },
                    {
                      "k": "user_view_type",
                      "v": "public"
                    }
                  ]
                }
              }
            ]
          }
        },
        {
          "k": "workflow_ref",
          "v": "oeunchhinh-ux/devopsserver/.github/workflows/deploy.yml@refs/heads/main"
        },
        {
          "k": "workflow_sha",
          "v": "c3f7cfc01be62d67dff36f57972623012c894924"
        },
        {
          "k": "repository_id",
          "v": "1262900421"
        },
        {
          "k": "triggering_actor",
          "v": "oeunchhinh-ux"
        }
      ]
    },
    "inputs": {
      "t": 2
    },
    "job": {
      "t": 2,
      "d": [
        {
          "k": "check_run_id",
          "v": 80146019764.0
        },
        {
          "k": "workflow_ref",
          "v": "oeunchhinh-ux/devopsserver/.github/workflows/deploy.yml@refs/heads/main"
        },
        {
          "k": "workflow_sha",
          "v": "c3f7cfc01be62d67dff36f57972623012c894924"
        },
        {
          "k": "workflow_repository",
          "v": "oeunchhinh-ux/devopsserver"
        },
        {
          "k": "workflow_file_path",
          "v": ".github/workflows/deploy.yml"
        }
      ]
    },
    "matrix": null,
    "needs": {
      "t": 2
    },
    "strategy": {
      "t": 2,
      "d": [
        {
          "k": "fail-fast",
          "v": true
        },
        {
          "k": "job-index",
          "v": 0.0
        },
        {
          "k": "job-total",
          "v": 1.0
        },
        {
          "k": "max-parallel",
          "v": 1.0
        }
      ]
    },
    "vars": {
      "t": 2
    }
  },
  "billingOwnerId": "U_kgDODzWgTA"
}
[2026-06-08 18:26:49Z INFO JobRunner] Job ID 8dc179d9-b025-56e6-93b3-ff45d2c6c9bf
[2026-06-08 18:26:49Z INFO ConfigurationStore] currentAssemblyLocation: C:\Users\mrbob\Desktop\devsopserver\actions-runner\bin\Runner.Worker.dll
[2026-06-08 18:26:49Z INFO HostContext] Well known directory 'Bin': 'C:\Users\mrbob\Desktop\devsopserver\actions-runner\bin'
[2026-06-08 18:26:49Z INFO ConfigurationStore] binPath: C:\Users\mrbob\Desktop\devsopserver\actions-runner\bin
[2026-06-08 18:26:49Z INFO HostContext] Well known directory 'Bin': 'C:\Users\mrbob\Desktop\devsopserver\actions-runner\bin'
[2026-06-08 18:26:49Z INFO HostContext] Well known directory 'Root': 'C:\Users\mrbob\Desktop\devsopserver\actions-runner'
[2026-06-08 18:26:49Z INFO ConfigurationStore] RootFolder: C:\Users\mrbob\Desktop\devsopserver\actions-runner
[2026-06-08 18:26:49Z INFO HostContext] Well known directory 'Bin': 'C:\Users\mrbob\Desktop\devsopserver\actions-runner\bin'
[2026-06-08 18:26:49Z INFO HostContext] Well known directory 'Root': 'C:\Users\mrbob\Desktop\devsopserver\actions-runner'
[2026-06-08 18:26:49Z INFO HostContext] Well known config file 'Runner': 'C:\Users\mrbob\Desktop\devsopserver\actions-runner\.runner'
[2026-06-08 18:26:49Z INFO ConfigurationStore] ConfigFilePath: C:\Users\mrbob\Desktop\devsopserver\actions-runner\.runner
[2026-06-08 18:26:49Z INFO HostContext] Well known directory 'Bin': 'C:\Users\mrbob\Desktop\devsopserver\actions-runner\bin'
[2026-06-08 18:26:49Z INFO HostContext] Well known directory 'Root': 'C:\Users\mrbob\Desktop\devsopserver\actions-runner'
[2026-06-08 18:26:49Z INFO HostContext] Well known config file 'MigratedRunner': 'C:\Users\mrbob\Desktop\devsopserver\actions-runner\.runner_migrated'
[2026-06-08 18:26:49Z INFO ConfigurationStore] MigratedConfigFilePath: C:\Users\mrbob\Desktop\devsopserver\actions-runner\.runner_migrated
[2026-06-08 18:26:49Z INFO HostContext] Well known directory 'Bin': 'C:\Users\mrbob\Desktop\devsopserver\actions-runner\bin'
[2026-06-08 18:26:49Z INFO HostContext] Well known directory 'Root': 'C:\Users\mrbob\Desktop\devsopserver\actions-runner'
[2026-06-08 18:26:49Z INFO HostContext] Well known config file 'Credentials': 'C:\Users\mrbob\Desktop\devsopserver\actions-runner\.credentials'
[2026-06-08 18:26:49Z INFO ConfigurationStore] CredFilePath: C:\Users\mrbob\Desktop\devsopserver\actions-runner\.credentials
[2026-06-08 18:26:49Z INFO HostContext] Well known directory 'Bin': 'C:\Users\mrbob\Desktop\devsopserver\actions-runner\bin'
[2026-06-08 18:26:49Z INFO HostContext] Well known directory 'Root': 'C:\Users\mrbob\Desktop\devsopserver\actions-runner'
[2026-06-08 18:26:49Z INFO HostContext] Well known config file 'MigratedCredentials': 'C:\Users\mrbob\Desktop\devsopserver\actions-runner\.credentials_migrated'
[2026-06-08 18:26:49Z INFO ConfigurationStore] MigratedCredFilePath: C:\Users\mrbob\Desktop\devsopserver\actions-runner\.credentials_migrated
[2026-06-08 18:26:49Z INFO HostContext] Well known directory 'Bin': 'C:\Users\mrbob\Desktop\devsopserver\actions-runner\bin'
[2026-06-08 18:26:49Z INFO HostContext] Well known directory 'Root': 'C:\Users\mrbob\Desktop\devsopserver\actions-runner'
[2026-06-08 18:26:49Z INFO HostContext] Well known config file 'Service': 'C:\Users\mrbob\Desktop\devsopserver\actions-runner\.service'
[2026-06-08 18:26:49Z INFO ConfigurationStore] ServiceConfigFilePath: C:\Users\mrbob\Desktop\devsopserver\actions-runner\.service
[2026-06-08 18:26:49Z INFO ConfigurationStore] Read setting file: 400 chars
[2026-06-08 18:26:49Z INFO JobRunner] Initializing launch client
[2026-06-08 18:26:49Z INFO JobServerQueue] Initializing results client
[2026-06-08 18:26:49Z INFO ResultServer] Creating websocket client ...wss://results-receiver.actions.githubusercontent.com/_ws/ingest.sock
[2026-06-08 18:26:49Z INFO ResultServer] Attempting to start websocket client with delay 00:00:00.
[2026-06-08 18:26:49Z INFO JobServerQueue] Start process web console line queue.
[2026-06-08 18:26:49Z INFO JobServerQueue] Start process file upload queue.
[2026-06-08 18:26:49Z INFO JobServerQueue] Start results file upload queue.
[2026-06-08 18:26:49Z INFO JobServerQueue] Starting results-based upload queue...
[2026-06-08 18:26:49Z INFO JobServerQueue] Start process timeline update queue.
[2026-06-08 18:26:49Z INFO ExecutionContext] Initializing Job context
[2026-06-08 18:26:49Z INFO ExecutionContext] Initialize GitHub context
[2026-06-08 18:26:49Z INFO ExecutionContext] Initialize Env context
[2026-06-08 18:26:49Z INFO HostContext] Well known directory 'Bin': 'C:\Users\mrbob\Desktop\devsopserver\actions-runner\bin'
[2026-06-08 18:26:49Z INFO HostContext] Well known directory 'Root': 'C:\Users\mrbob\Desktop\devsopserver\actions-runner'
[2026-06-08 18:26:49Z INFO HostContext] Well known directory 'Diag': 'C:\Users\mrbob\Desktop\devsopserver\actions-runner\_diag'
[2026-06-08 18:26:49Z INFO HostContext] Well known directory 'Bin': 'C:\Users\mrbob\Desktop\devsopserver\actions-runner\bin'
[2026-06-08 18:26:49Z INFO HostContext] Well known directory 'Root': 'C:\Users\mrbob\Desktop\devsopserver\actions-runner'
[2026-06-08 18:26:49Z INFO HostContext] Well known directory 'Diag': 'C:\Users\mrbob\Desktop\devsopserver\actions-runner\_diag'
[2026-06-08 18:26:49Z INFO JobRunner] Starting the job execution context.
[2026-06-08 18:26:49Z INFO HostContext] Well known directory 'Bin': 'C:\Users\mrbob\Desktop\devsopserver\actions-runner\bin'
[2026-06-08 18:26:49Z INFO HostContext] Well known directory 'Root': 'C:\Users\mrbob\Desktop\devsopserver\actions-runner'
[2026-06-08 18:26:49Z INFO HostContext] Well known directory 'Work': 'C:\Users\mrbob\Desktop\devsopserver\actions-runner\_work'
[2026-06-08 18:26:49Z INFO JobRunner] Validating directory permissions for: 'C:\Users\mrbob\Desktop\devsopserver\actions-runner\_work'
[2026-06-08 18:26:49Z INFO HostContext] Well known directory 'Bin': 'C:\Users\mrbob\Desktop\devsopserver\actions-runner\bin'
[2026-06-08 18:26:49Z INFO HostContext] Well known directory 'Root': 'C:\Users\mrbob\Desktop\devsopserver\actions-runner'
[2026-06-08 18:26:49Z INFO HostContext] Well known directory 'Work': 'C:\Users\mrbob\Desktop\devsopserver\actions-runner\_work'
[2026-06-08 18:26:49Z INFO HostContext] Well known directory 'Tools': 'C:\Users\mrbob\Desktop\devsopserver\actions-runner\_work\_tool'
[2026-06-08 18:26:49Z INFO HostContext] Well known directory 'Bin': 'C:\Users\mrbob\Desktop\devsopserver\actions-runner\bin'
[2026-06-08 18:26:49Z INFO HostContext] Well known directory 'Root': 'C:\Users\mrbob\Desktop\devsopserver\actions-runner'
[2026-06-08 18:26:49Z INFO HostContext] Well known directory 'Work': 'C:\Users\mrbob\Desktop\devsopserver\actions-runner\_work'
[2026-06-08 18:26:49Z INFO HostContext] Well known directory 'Temp': 'C:\Users\mrbob\Desktop\devsopserver\actions-runner\_work\_temp'
[2026-06-08 18:26:49Z INFO JobRunner] Getting job extension.
[2026-06-08 18:26:49Z INFO JobRunner] Initialize job. Getting all job steps.
[2026-06-08 18:26:49Z INFO HostContext] Well known directory 'Bin': 'C:\Users\mrbob\Desktop\devsopserver\actions-runner\bin'
[2026-06-08 18:26:49Z INFO HostContext] Well known directory 'Root': 'C:\Users\mrbob\Desktop\devsopserver\actions-runner'
[2026-06-08 18:26:49Z INFO HostContext] Well known directory 'Diag': 'C:\Users\mrbob\Desktop\devsopserver\actions-runner\_diag'
[2026-06-08 18:26:49Z INFO HostContext] Well known directory 'Bin': 'C:\Users\mrbob\Desktop\devsopserver\actions-runner\bin'
[2026-06-08 18:26:49Z INFO HostContext] Well known directory 'Root': 'C:\Users\mrbob\Desktop\devsopserver\actions-runner'
[2026-06-08 18:26:49Z INFO HostContext] Well known directory 'Diag': 'C:\Users\mrbob\Desktop\devsopserver\actions-runner\_diag'
[2026-06-08 18:26:49Z INFO HostContext] Well known directory 'Bin': 'C:\Users\mrbob\Desktop\devsopserver\actions-runner\bin'
[2026-06-08 18:26:49Z INFO HostContext] Well known directory 'Root': 'C:\Users\mrbob\Desktop\devsopserver\actions-runner'
[2026-06-08 18:26:49Z INFO HostContext] Well known config file 'Credentials': 'C:\Users\mrbob\Desktop\devsopserver\actions-runner\.credentials'
[2026-06-08 18:26:49Z INFO HostContext] Well known directory 'Bin': 'C:\Users\mrbob\Desktop\devsopserver\actions-runner\bin'
[2026-06-08 18:26:49Z INFO HostContext] Well known directory 'Root': 'C:\Users\mrbob\Desktop\devsopserver\actions-runner'
[2026-06-08 18:26:49Z INFO HostContext] Well known config file 'SetupInfo': 'C:\Users\mrbob\Desktop\devsopserver\actions-runner\.setup_info'
[2026-06-08 18:26:49Z INFO HostContext] Well known directory 'Bin': 'C:\Users\mrbob\Desktop\devsopserver\actions-runner\bin'
[2026-06-08 18:26:49Z INFO HostContext] Well known directory 'Root': 'C:\Users\mrbob\Desktop\devsopserver\actions-runner'
[2026-06-08 18:26:49Z INFO HostContext] Well known directory 'Work': 'C:\Users\mrbob\Desktop\devsopserver\actions-runner\_work'
[2026-06-08 18:26:49Z INFO PipelineDirectoryManager] Loading tracking config if exists: C:\Users\mrbob\Desktop\devsopserver\actions-runner\_work\_PipelineMapping\oeunchhinh-ux/devopsserver\PipelineFolder.json
[2026-06-08 18:26:49Z INFO PipelineDirectoryManager] Creating a new tracking config file.
[2026-06-08 18:26:49Z INFO HostContext] Well known directory 'Bin': 'C:\Users\mrbob\Desktop\devsopserver\actions-runner\bin'
[2026-06-08 18:26:49Z INFO HostContext] Well known directory 'Root': 'C:\Users\mrbob\Desktop\devsopserver\actions-runner'
[2026-06-08 18:26:49Z INFO HostContext] Well known directory 'Work': 'C:\Users\mrbob\Desktop\devsopserver\actions-runner\_work'
[2026-06-08 18:26:49Z INFO PipelineDirectoryManager] Creating pipeline directory.
[2026-06-08 18:26:49Z INFO HostContext] Well known directory 'Bin': 'C:\Users\mrbob\Desktop\devsopserver\actions-runner\bin'
[2026-06-08 18:26:49Z INFO HostContext] Well known directory 'Root': 'C:\Users\mrbob\Desktop\devsopserver\actions-runner'
[2026-06-08 18:26:49Z INFO HostContext] Well known directory 'Work': 'C:\Users\mrbob\Desktop\devsopserver\actions-runner\_work'
[2026-06-08 18:26:49Z INFO PipelineDirectoryManager] Creating workspace directory.
[2026-06-08 18:26:49Z INFO HostContext] Well known directory 'Bin': 'C:\Users\mrbob\Desktop\devsopserver\actions-runner\bin'
[2026-06-08 18:26:49Z INFO HostContext] Well known directory 'Root': 'C:\Users\mrbob\Desktop\devsopserver\actions-runner'
[2026-06-08 18:26:49Z INFO HostContext] Well known directory 'Work': 'C:\Users\mrbob\Desktop\devsopserver\actions-runner\_work'
[2026-06-08 18:26:49Z INFO JobExtension] Downloading actions
[2026-06-08 18:26:49Z INFO HostContext] Well known directory 'Bin': 'C:\Users\mrbob\Desktop\devsopserver\actions-runner\bin'
[2026-06-08 18:26:49Z INFO HostContext] Well known directory 'Root': 'C:\Users\mrbob\Desktop\devsopserver\actions-runner'
[2026-06-08 18:26:49Z INFO HostContext] Well known directory 'Work': 'C:\Users\mrbob\Desktop\devsopserver\actions-runner\_work'
[2026-06-08 18:26:49Z INFO HostContext] Well known directory 'Actions': 'C:\Users\mrbob\Desktop\devsopserver\actions-runner\_work\_actions'
[2026-06-08 18:26:49Z INFO Worker] Listening for cancel message from the channel.
[2026-06-08 18:26:49Z INFO Worker] Waiting for the job to complete or for a cancel message from the channel.
[2026-06-08 18:26:50Z INFO ResultServer] Successfully started websocket client.
[2026-06-08 18:26:50Z INFO JobServerQueue] Try to append 1 batches web console lines for record 'a33814ce-8d72-4c2d-99c9-d0fcce76924e', success rate: 1/1.
[2026-06-08 18:26:50Z INFO HostContext] Well known directory 'Bin': 'C:\Users\mrbob\Desktop\devsopserver\actions-runner\bin'
[2026-06-08 18:26:50Z INFO HostContext] Well known directory 'Root': 'C:\Users\mrbob\Desktop\devsopserver\actions-runner'
[2026-06-08 18:26:50Z INFO HostContext] Well known directory 'Work': 'C:\Users\mrbob\Desktop\devsopserver\actions-runner\_work'
[2026-06-08 18:26:50Z INFO HostContext] Well known directory 'Actions': 'C:\Users\mrbob\Desktop\devsopserver\actions-runner\_work\_actions'
[2026-06-08 18:26:50Z INFO HostContext] Well known directory 'Bin': 'C:\Users\mrbob\Desktop\devsopserver\actions-runner\bin'
[2026-06-08 18:26:50Z INFO HostContext] Well known directory 'Root': 'C:\Users\mrbob\Desktop\devsopserver\actions-runner'
[2026-06-08 18:26:50Z INFO HostContext] Well known directory 'Work': 'C:\Users\mrbob\Desktop\devsopserver\actions-runner\_work'
[2026-06-08 18:26:50Z INFO HostContext] Well known directory 'Actions': 'C:\Users\mrbob\Desktop\devsopserver\actions-runner\_work\_actions'
[2026-06-08 18:26:50Z INFO ActionManager] Save archive 'https://codeload.github.com/actions/checkout/zip/34e114876b0b11c390a56381ad16ebd13914f8d5' into C:\Users\mrbob\Desktop\devsopserver\actions-runner\_work\_actions\_temp_3986a8df-5c8a-4c45-a173-606abe2ca445\8a2d6d44-189e-45bf-920a-6357d494ee79.zip.
[2026-06-08 18:26:50Z INFO ActionManager] Using Basic token for action archive download.
[2026-06-08 18:26:50Z INFO JobServerQueue] Job timeline record has been updated for the first time.
[2026-06-08 18:26:50Z INFO JobServerQueue] Try to append 1 batches web console lines for record 'a33814ce-8d72-4c2d-99c9-d0fcce76924e', success rate: 1/1.
[2026-06-08 18:26:52Z INFO ActionManager] Request URL: https://codeload.github.com/actions/checkout/zip/34e114876b0b11c390a56381ad16ebd13914f8d5 X-GitHub-Request-Id: 938F:2EB0F:31051:7D885:6A27096A Http Status: OK
[2026-06-08 18:26:52Z INFO ActionManager] Finished getting action repository.
[2026-06-08 18:26:52Z INFO HostContext] Well known directory 'Bin': 'C:\Users\mrbob\Desktop\devsopserver\actions-runner\bin'
[2026-06-08 18:26:52Z INFO HostContext] Well known directory 'Root': 'C:\Users\mrbob\Desktop\devsopserver\actions-runner'
[2026-06-08 18:26:52Z INFO HostContext] Well known directory 'Work': 'C:\Users\mrbob\Desktop\devsopserver\actions-runner\_work'
[2026-06-08 18:26:52Z INFO HostContext] Well known directory 'Actions': 'C:\Users\mrbob\Desktop\devsopserver\actions-runner\_work\_actions'
[2026-06-08 18:26:52Z INFO ActionManifestManagerLegacy] Load schema file with definitions: [
  "null",
  "boolean",
  "number",
  "string",
  "sequence",
  "mapping",
  "any",
  "action-root",
  "inputs",
  "input",
  "outputs",
  "output-definition",
  "runs",
  "container-runs",
  "container-runs-args",
  "container-runs-env",
  "node-runs",
  "plugin-runs",
  "composite-runs",
  "composite-steps",
  "composite-step",
  "run-step",
  "uses-step",
  "container-runs-context",
  "output-value",
  "input-default-context",
  "non-empty-string",
  "string-steps-context",
  "boolean-steps-context",
  "step-env",
  "step-if",
  "step-with"
]
[2026-06-08 18:26:52Z INFO ActionManifestManager] Load schema file with definitions: [
  "null",
  "boolean",
  "number",
  "string",
  "sequence",
  "mapping",
  "any",
  "action-root",
  "inputs",
  "input",
  "outputs",
  "output-definition",
  "runs",
  "container-runs",
  "container-runs-args",
  "container-runs-env",
  "node-runs",
  "plugin-runs",
  "composite-runs",
  "composite-steps",
  "composite-step",
  "run-step",
  "uses-step",
  "container-runs-context",
  "output-value",
  "input-default-context",
  "non-empty-string",
  "string-steps-context",
  "boolean-steps-context",
  "step-env",
  "step-if",
  "step-with"
]
[2026-06-08 18:26:52Z INFO HostContext] Well known directory 'Bin': 'C:\Users\mrbob\Desktop\devsopserver\actions-runner\bin'
[2026-06-08 18:26:52Z INFO HostContext] Well known directory 'Root': 'C:\Users\mrbob\Desktop\devsopserver\actions-runner'
[2026-06-08 18:26:52Z INFO HostContext] Well known directory 'Work': 'C:\Users\mrbob\Desktop\devsopserver\actions-runner\_work'
[2026-06-08 18:26:52Z INFO HostContext] Well known directory 'Actions': 'C:\Users\mrbob\Desktop\devsopserver\actions-runner\_work\_actions'
[2026-06-08 18:26:53Z INFO ActionManifestManagerLegacy] Loaded action.yml file: {
  "name": "Checkout",
  "description": "Checkout a Git repository at a particular version",
  "inputs": {
    "type": 2,
    "map": [
      {
        "key": {
          "type": 0,
          "file": 2,
          "line": 4,
          "col": 3,
          "lit": "repository"
        },
        "value": {
          "type": 3,
          "file": 2,
          "line": 6,
          "col": 14,
          "expr": "github.repository"
        }
      },
      {
        "key": {
          "type": 0,
          "file": 2,
          "line": 7,
          "col": 3,
          "lit": "ref"
        },
        "value": ""
      },
      {
        "key": {
          "type": 0,
          "file": 2,
          "line": 12,
          "col": 3,
          "lit": "token"
        },
        "value": {
          "type": 3,
          "file": 2,
          "line": 24,
          "col": 14,
          "expr": "github.token"
        }
      },
      {
        "key": {
          "type": 0,
          "file": 2,
          "line": 25,
          "col": 3,
          "lit": "ssh-key"
        },
        "value": ""
      },
      {
        "key": {
          "type": 0,
          "file": 2,
          "line": 37,
          "col": 3,
          "lit": "ssh-known-hosts"
        },
        "value": ""
      },
      {
        "key": {
          "type": 0,
          "file": 2,
          "line": 42,
          "col": 3,
          "lit": "ssh-strict"
        },
        "value": {
          "type": 0,
          "file": 2,
          "line": 47,
          "col": 14,
          "lit": "true"
        }
      },
      {
        "key": {
          "type": 0,
          "file": 2,
          "line": 48,
          "col": 3,
          "lit": "ssh-user"
        },
        "value": {
          "type": 0,
          "file": 2,
          "line": 51,
          "col": 14,
          "lit": "git"
        }
      },
      {
        "key": {
          "type": 0,
          "file": 2,
          "line": 52,
          "col": 3,
          "lit": "persist-credentials"
        },
        "value": {
          "type": 0,
          "file": 2,
          "line": 54,
          "col": 14,
          "lit": "true"
        }
      },
      {
        "key": {
          "type": 0,
          "file": 2,
          "line": 55,
          "col": 3,
          "lit": "path"
        },
        "value": ""
      },
      {
        "key": {
          "type": 0,
          "file": 2,
          "line": 57,
          "col": 3,
          "lit": "clean"
        },
        "value": {
          "type": 0,
          "file": 2,
          "line": 59,
          "col": 14,
          "lit": "true"
        }
      },
      {
        "key": {
          "type": 0,
          "file": 2,
          "line": 60,
          "col": 3,
          "lit": "filter"
        },
        "value": {
          "type": 0,
          "file": 2,
          "line": 64,
          "col": 14,
          "lit": ""
        }
      },
      {
        "key": {
          "type": 0,
          "file": 2,
          "line": 65,
          "col": 3,
          "lit": "sparse-checkout"
        },
        "value": {
          "type": 0,
          "file": 2,
          "line": 69,
          "col": 14,
          "lit": ""
        }
      },
      {
        "key": {
          "type": 0,
          "file": 2,
          "line": 70,
          "col": 3,
          "lit": "sparse-checkout-cone-mode"
        },
        "value": {
          "type": 0,
          "file": 2,
          "line": 73,
          "col": 14,
          "lit": "true"
        }
      },
      {
        "key": {
          "type": 0,
          "file": 2,
          "line": 74,
          "col": 3,
          "lit": "fetch-depth"
        },
        "value": {
          "type": 0,
          "file": 2,
          "line": 76,
          "col": 14,
          "lit": "1"
        }
      },
      {
        "key": {
          "type": 0,
          "file": 2,
          "line": 77,
          "col": 3,
          "lit": "fetch-tags"
        },
        "value": {
          "type": 0,
          "file": 2,
          "line": 79,
          "col": 14,
          "lit": "false"
        }
      },
      {
        "key": {
          "type": 0,
          "file": 2,
          "line": 80,
          "col": 3,
          "lit": "show-progress"
        },
        "value": {
          "type": 0,
          "file": 2,
          "line": 82,
          "col": 14,
          "lit": "true"
        }
      },
      {
        "key": {
          "type": 0,
          "file": 2,
          "line": 83,
          "col": 3,
          "lit": "lfs"
        },
        "value": {
          "type": 0,
          "file": 2,
          "line": 85,
          "col": 14,
          "lit": "false"
        }
      },
      {
        "key": {
          "type": 0,
          "file": 2,
          "line": 86,
          "col": 3,
          "lit": "submodules"
        },
        "value": {
          "type": 0,
          "file": 2,
          "line": 94,
          "col": 14,
          "lit": "false"
        }
      },
      {
        "key": {
          "type": 0,
          "file": 2,
          "line": 95,
          "col": 3,
          "lit": "set-safe-directory"
        },
        "value": {
          "type": 0,
          "file": 2,
          "line": 97,
          "col": 14,
          "lit": "true"
        }
      },
      {
        "key": {
          "type": 0,
          "file": 2,
          "line": 98,
          "col": 3,
          "lit": "github-server-url"
        },
        "value": ""
      }
    ]
  },
  "execution": {
    "executionType": "nodeJS",
    "hasPre": false,
    "hasPost": true,
    "script": "dist/index.js",
    "pre": null,
    "post": "dist/index.js",
    "nodeVersion": "node20",
    "cleanupCondition": "always()",
    "initCondition": "always()"
  },
  "deprecated": null
}
[2026-06-08 18:26:53Z INFO ActionManager] Action node.js file: dist/index.js, no more preparation.
[2026-06-08 18:26:53Z INFO HostContext] Well known directory 'Bin': 'C:\Users\mrbob\Desktop\devsopserver\actions-runner\bin'
[2026-06-08 18:26:53Z INFO HostContext] Well known directory 'Root': 'C:\Users\mrbob\Desktop\devsopserver\actions-runner'
[2026-06-08 18:26:53Z INFO HostContext] Well known directory 'Work': 'C:\Users\mrbob\Desktop\devsopserver\actions-runner\_work'
[2026-06-08 18:26:53Z INFO HostContext] Well known directory 'Actions': 'C:\Users\mrbob\Desktop\devsopserver\actions-runner\_work\_actions'
[2026-06-08 18:26:53Z INFO ActionManager] Load action that reference repository from 'C:\Users\mrbob\Desktop\devsopserver\actions-runner\_work\_actions\actions\checkout\v4'
[2026-06-08 18:26:53Z INFO HostContext] Well known directory 'Bin': 'C:\Users\mrbob\Desktop\devsopserver\actions-runner\bin'
[2026-06-08 18:26:53Z INFO HostContext] Well known directory 'Root': 'C:\Users\mrbob\Desktop\devsopserver\actions-runner'
[2026-06-08 18:26:53Z INFO HostContext] Well known directory 'Work': 'C:\Users\mrbob\Desktop\devsopserver\actions-runner\_work'
[2026-06-08 18:26:53Z INFO HostContext] Well known directory 'Actions': 'C:\Users\mrbob\Desktop\devsopserver\actions-runner\_work\_actions'
[2026-06-08 18:26:53Z INFO ActionManifestManagerLegacy] Loaded action.yml file: {
  "name": "Checkout",
  "description": "Checkout a Git repository at a particular version",
  "inputs": {
    "type": 2,
    "map": [
      {
        "key": {
          "type": 0,
          "file": 2,
          "line": 4,
          "col": 3,
          "lit": "repository"
        },
        "value": {
          "type": 3,
          "file": 2,
          "line": 6,
          "col": 14,
          "expr": "github.repository"
        }
      },
      {
        "key": {
          "type": 0,
          "file": 2,
          "line": 7,
          "col": 3,
          "lit": "ref"
        },
        "value": ""
      },
      {
        "key": {
          "type": 0,
          "file": 2,
          "line": 12,
          "col": 3,
          "lit": "token"
        },
        "value": {
          "type": 3,
          "file": 2,
          "line": 24,
          "col": 14,
          "expr": "github.token"
        }
      },
      {
        "key": {
          "type": 0,
          "file": 2,
          "line": 25,
          "col": 3,
          "lit": "ssh-key"
        },
        "value": ""
      },
      {
        "key": {
          "type": 0,
          "file": 2,
          "line": 37,
          "col": 3,
          "lit": "ssh-known-hosts"
        },
        "value": ""
      },
      {
        "key": {
          "type": 0,
          "file": 2,
          "line": 42,
          "col": 3,
          "lit": "ssh-strict"
        },
        "value": {
          "type": 0,
          "file": 2,
          "line": 47,
          "col": 14,
          "lit": "true"
        }
      },
      {
        "key": {
          "type": 0,
          "file": 2,
          "line": 48,
          "col": 3,
          "lit": "ssh-user"
        },
        "value": {
          "type": 0,
          "file": 2,
          "line": 51,
          "col": 14,
          "lit": "git"
        }
      },
      {
        "key": {
          "type": 0,
          "file": 2,
          "line": 52,
          "col": 3,
          "lit": "persist-credentials"
        },
        "value": {
          "type": 0,
          "file": 2,
          "line": 54,
          "col": 14,
          "lit": "true"
        }
      },
      {
        "key": {
          "type": 0,
          "file": 2,
          "line": 55,
          "col": 3,
          "lit": "path"
        },
        "value": ""
      },
      {
        "key": {
          "type": 0,
          "file": 2,
          "line": 57,
          "col": 3,
          "lit": "clean"
        },
        "value": {
          "type": 0,
          "file": 2,
          "line": 59,
          "col": 14,
          "lit": "true"
        }
      },
      {
        "key": {
          "type": 0,
          "file": 2,
          "line": 60,
          "col": 3,
          "lit": "filter"
        },
        "value": {
          "type": 0,
          "file": 2,
          "line": 64,
          "col": 14,
          "lit": ""
        }
      },
      {
        "key": {
          "type": 0,
          "file": 2,
          "line": 65,
          "col": 3,
          "lit": "sparse-checkout"
        },
        "value": {
          "type": 0,
          "file": 2,
          "line": 69,
          "col": 14,
          "lit": ""
        }
      },
      {
        "key": {
          "type": 0,
          "file": 2,
          "line": 70,
          "col": 3,
          "lit": "sparse-checkout-cone-mode"
        },
        "value": {
          "type": 0,
          "file": 2,
          "line": 73,
          "col": 14,
          "lit": "true"
        }
      },
      {
        "key": {
          "type": 0,
          "file": 2,
          "line": 74,
          "col": 3,
          "lit": "fetch-depth"
        },
        "value": {
          "type": 0,
          "file": 2,
          "line": 76,
          "col": 14,
          "lit": "1"
        }
      },
      {
        "key": {
          "type": 0,
          "file": 2,
          "line": 77,
          "col": 3,
          "lit": "fetch-tags"
        },
        "value": {
          "type": 0,
          "file": 2,
          "line": 79,
          "col": 14,
          "lit": "false"
        }
      },
      {
        "key": {
          "type": 0,
          "file": 2,
          "line": 80,
          "col": 3,
          "lit": "show-progress"
        },
        "value": {
          "type": 0,
          "file": 2,
          "line": 82,
          "col": 14,
          "lit": "true"
        }
      },
      {
        "key": {
          "type": 0,
          "file": 2,
          "line": 83,
          "col": 3,
          "lit": "lfs"
        },
        "value": {
          "type": 0,
          "file": 2,
          "line": 85,
          "col": 14,
          "lit": "false"
        }
      },
      {
        "key": {
          "type": 0,
          "file": 2,
          "line": 86,
          "col": 3,
          "lit": "submodules"
        },
        "value": {
          "type": 0,
          "file": 2,
          "line": 94,
          "col": 14,
          "lit": "false"
        }
      },
      {
        "key": {
          "type": 0,
          "file": 2,
          "line": 95,
          "col": 3,
          "lit": "set-safe-directory"
        },
        "value": {
          "type": 0,
          "file": 2,
          "line": 97,
          "col": 14,
          "lit": "true"
        }
      },
      {
        "key": {
          "type": 0,
          "file": 2,
          "line": 98,
          "col": 3,
          "lit": "github-server-url"
        },
        "value": ""
      }
    ]
  },
  "execution": {
    "executionType": "nodeJS",
    "hasPre": false,
    "hasPost": true,
    "script": "dist/index.js",
    "pre": null,
    "post": "dist/index.js",
    "nodeVersion": "node20",
    "cleanupCondition": "always()",
    "initCondition": "always()"
  },
  "deprecated": null
}
[2026-06-08 18:26:53Z INFO ActionManager] Action pre node.js file: N/A.
[2026-06-08 18:26:53Z INFO ActionManager] Action node.js file: dist/index.js.
[2026-06-08 18:26:53Z INFO ActionManager] Action post node.js file: dist/index.js.
[2026-06-08 18:26:53Z INFO JobExtension] Adding .
[2026-06-08 18:26:53Z INFO JobExtension] Adding .
[2026-06-08 18:26:53Z INFO JobExtension] Adding .
[2026-06-08 18:26:53Z INFO JobExtension] Adding .
[2026-06-08 18:26:53Z INFO HostContext] Well known directory 'Bin': 'C:\Users\mrbob\Desktop\devsopserver\actions-runner\bin'
[2026-06-08 18:26:53Z INFO HostContext] Well known directory 'Root': 'C:\Users\mrbob\Desktop\devsopserver\actions-runner'
[2026-06-08 18:26:53Z INFO HostContext] Well known directory 'Diag': 'C:\Users\mrbob\Desktop\devsopserver\actions-runner\_diag'
[2026-06-08 18:26:53Z INFO HostContext] Well known directory 'Bin': 'C:\Users\mrbob\Desktop\devsopserver\actions-runner\bin'
[2026-06-08 18:26:53Z INFO HostContext] Well known directory 'Root': 'C:\Users\mrbob\Desktop\devsopserver\actions-runner'
[2026-06-08 18:26:53Z INFO HostContext] Well known directory 'Diag': 'C:\Users\mrbob\Desktop\devsopserver\actions-runner\_diag'
[2026-06-08 18:26:53Z INFO HostContext] Well known directory 'Bin': 'C:\Users\mrbob\Desktop\devsopserver\actions-runner\bin'
[2026-06-08 18:26:53Z INFO HostContext] Well known directory 'Root': 'C:\Users\mrbob\Desktop\devsopserver\actions-runner'
[2026-06-08 18:26:53Z INFO HostContext] Well known directory 'Diag': 'C:\Users\mrbob\Desktop\devsopserver\actions-runner\_diag'
[2026-06-08 18:26:53Z INFO HostContext] Well known directory 'Bin': 'C:\Users\mrbob\Desktop\devsopserver\actions-runner\bin'
[2026-06-08 18:26:53Z INFO HostContext] Well known directory 'Root': 'C:\Users\mrbob\Desktop\devsopserver\actions-runner'
[2026-06-08 18:26:53Z INFO HostContext] Well known directory 'Diag': 'C:\Users\mrbob\Desktop\devsopserver\actions-runner\_diag'
[2026-06-08 18:26:53Z INFO HostContext] Well known directory 'Bin': 'C:\Users\mrbob\Desktop\devsopserver\actions-runner\bin'
[2026-06-08 18:26:53Z INFO HostContext] Well known directory 'Root': 'C:\Users\mrbob\Desktop\devsopserver\actions-runner'
[2026-06-08 18:26:53Z INFO HostContext] Well known directory 'Diag': 'C:\Users\mrbob\Desktop\devsopserver\actions-runner\_diag'
[2026-06-08 18:26:53Z INFO HostContext] Well known directory 'Bin': 'C:\Users\mrbob\Desktop\devsopserver\actions-runner\bin'
[2026-06-08 18:26:53Z INFO HostContext] Well known directory 'Root': 'C:\Users\mrbob\Desktop\devsopserver\actions-runner'
[2026-06-08 18:26:53Z INFO HostContext] Well known directory 'Diag': 'C:\Users\mrbob\Desktop\devsopserver\actions-runner\_diag'
[2026-06-08 18:26:53Z INFO HostContext] Well known directory 'Bin': 'C:\Users\mrbob\Desktop\devsopserver\actions-runner\bin'
[2026-06-08 18:26:53Z INFO HostContext] Well known directory 'Root': 'C:\Users\mrbob\Desktop\devsopserver\actions-runner'
[2026-06-08 18:26:53Z INFO HostContext] Well known directory 'Diag': 'C:\Users\mrbob\Desktop\devsopserver\actions-runner\_diag'
[2026-06-08 18:26:53Z INFO HostContext] Well known directory 'Bin': 'C:\Users\mrbob\Desktop\devsopserver\actions-runner\bin'
[2026-06-08 18:26:53Z INFO HostContext] Well known directory 'Root': 'C:\Users\mrbob\Desktop\devsopserver\actions-runner'
[2026-06-08 18:26:53Z INFO HostContext] Well known directory 'Diag': 'C:\Users\mrbob\Desktop\devsopserver\actions-runner\_diag'
[2026-06-08 18:26:53Z INFO JobExtension] Total accessible running process: 327.
[2026-06-08 18:26:53Z INFO HostContext] Well known directory 'Bin': 'C:\Users\mrbob\Desktop\devsopserver\actions-runner\bin'
[2026-06-08 18:26:53Z INFO HostContext] Well known directory 'Root': 'C:\Users\mrbob\Desktop\devsopserver\actions-runner'
[2026-06-08 18:26:53Z INFO HostContext] Well known directory 'Work': 'C:\Users\mrbob\Desktop\devsopserver\actions-runner\_work'
[2026-06-08 18:26:53Z INFO JobExtension] Start checking server connectivity.
[2026-06-08 18:26:53Z INFO JobExtension] Check server connectivity for https://broker.actions.githubusercontent.com/health.
[2026-06-08 18:26:53Z INFO JobExtension] Check server connectivity for https://token.actions.githubusercontent.com/ready.
[2026-06-08 18:26:53Z INFO JobExtension] Check server connectivity for https://run.actions.githubusercontent.com/health.
[2026-06-08 18:26:53Z INFO JobExtension] Start checking service connectivity in background.
[2026-06-08 18:26:53Z INFO ExecutionContext] Publish step telemetry for current step {
  "action": "setup_job",
  "type": "runner",
  "stage": "Pre",
  "stepId": "a33814ce-8d72-4c2d-99c9-d0fcce76924e",
  "result": "succeeded",
  "errorMessages": [],
  "executionTimeInSeconds": 4,
  "startTime": "2026-06-08T18:26:49.2442425Z",
  "finishTime": "2026-06-08T18:26:53.1564039Z"
}.
[2026-06-08 18:26:53Z INFO JobRunner] Total job steps: 4.
[2026-06-08 18:26:53Z INFO JobRunner] Run all job steps.
[2026-06-08 18:26:53Z INFO DapDebugger] DapDebugger initialized
[2026-06-08 18:26:53Z INFO StepsRunner] Processing step: DisplayName='Checkout Code'
[2026-06-08 18:26:53Z INFO StepsRunner] Evaluating: success()
[2026-06-08 18:26:53Z INFO StepsRunner] Result: true
[2026-06-08 18:26:53Z INFO StepsRunner] Starting the step.
[2026-06-08 18:26:53Z INFO HostContext] Well known directory 'Bin': 'C:\Users\mrbob\Desktop\devsopserver\actions-runner\bin'
[2026-06-08 18:26:53Z INFO HostContext] Well known directory 'Root': 'C:\Users\mrbob\Desktop\devsopserver\actions-runner'
[2026-06-08 18:26:53Z INFO HostContext] Well known directory 'Work': 'C:\Users\mrbob\Desktop\devsopserver\actions-runner\_work'
[2026-06-08 18:26:53Z INFO StepsRunner] Which2: 'chcp'
[2026-06-08 18:26:53Z INFO StepsRunner] Location: 'C:\WINDOWS\system32\chcp.COM'
[2026-06-08 18:26:53Z INFO ProcessInvokerWrapper] Starting process:
[2026-06-08 18:26:53Z INFO ProcessInvokerWrapper]   File name: 'C:\WINDOWS\system32\chcp.COM'
[2026-06-08 18:26:53Z INFO ProcessInvokerWrapper]   Arguments: '65001'
[2026-06-08 18:26:53Z INFO ProcessInvokerWrapper]   Working directory: 'C:\Users\mrbob\Desktop\devsopserver\actions-runner\_work'
[2026-06-08 18:26:53Z INFO ProcessInvokerWrapper]   Require exit code zero: 'False'
[2026-06-08 18:26:53Z INFO ProcessInvokerWrapper]   Encoding web name:  ; code page: ''
[2026-06-08 18:26:53Z INFO ProcessInvokerWrapper]   Force kill process on cancellation: 'False'
[2026-06-08 18:26:53Z INFO ProcessInvokerWrapper]   Redirected STDIN: 'False'
[2026-06-08 18:26:53Z INFO ProcessInvokerWrapper]   Persist current code page: 'True'
[2026-06-08 18:26:53Z INFO ProcessInvokerWrapper]   Keep redirected STDIN open: 'False'
[2026-06-08 18:26:53Z INFO ProcessInvokerWrapper]   High priority process: 'False'
[2026-06-08 18:26:53Z INFO JobServerQueue] Try to append 1 batches web console lines for record 'a33814ce-8d72-4c2d-99c9-d0fcce76924e', success rate: 1/1.
[2026-06-08 18:26:53Z INFO ProcessInvokerWrapper] Process started with process id 20180, waiting for process exit.
[2026-06-08 18:26:53Z INFO ProcessInvokerWrapper] STDOUT/STDERR stream read finished.
[2026-06-08 18:26:53Z INFO ProcessInvokerWrapper] STDOUT/STDERR stream read finished.
[2026-06-08 18:26:53Z INFO ProcessInvokerWrapper] Finished process 20180 with exit code 0, and elapsed time 00:00:00.0175737.
[2026-06-08 18:26:53Z INFO StepsRunner] Successfully returned to code page 65001 (UTF8)
[2026-06-08 18:26:53Z INFO HostContext] Well known directory 'Bin': 'C:\Users\mrbob\Desktop\devsopserver\actions-runner\bin'
[2026-06-08 18:26:53Z INFO HostContext] Well known directory 'Root': 'C:\Users\mrbob\Desktop\devsopserver\actions-runner'
[2026-06-08 18:26:53Z INFO HostContext] Well known directory 'Work': 'C:\Users\mrbob\Desktop\devsopserver\actions-runner\_work'
[2026-06-08 18:26:53Z INFO HostContext] Well known directory 'Actions': 'C:\Users\mrbob\Desktop\devsopserver\actions-runner\_work\_actions'
[2026-06-08 18:26:53Z INFO ActionManager] Load action that reference repository from 'C:\Users\mrbob\Desktop\devsopserver\actions-runner\_work\_actions\actions\checkout\v4'
[2026-06-08 18:26:53Z INFO HostContext] Well known directory 'Bin': 'C:\Users\mrbob\Desktop\devsopserver\actions-runner\bin'
[2026-06-08 18:26:53Z INFO HostContext] Well known directory 'Root': 'C:\Users\mrbob\Desktop\devsopserver\actions-runner'
[2026-06-08 18:26:53Z INFO HostContext] Well known directory 'Work': 'C:\Users\mrbob\Desktop\devsopserver\actions-runner\_work'
[2026-06-08 18:26:53Z INFO HostContext] Well known directory 'Actions': 'C:\Users\mrbob\Desktop\devsopserver\actions-runner\_work\_actions'
[2026-06-08 18:26:53Z INFO ActionManifestManagerLegacy] Loaded action.yml file: {
  "name": "Checkout",
  "description": "Checkout a Git repository at a particular version",
  "inputs": {
    "type": 2,
    "map": [
      {
        "key": {
          "type": 0,
          "file": 2,
          "line": 4,
          "col": 3,
          "lit": "repository"
        },
        "value": {
          "type": 3,
          "file": 2,
          "line": 6,
          "col": 14,
          "expr": "github.repository"
        }
      },
      {
        "key": {
          "type": 0,
          "file": 2,
          "line": 7,
          "col": 3,
          "lit": "ref"
        },
        "value": ""
      },
      {
        "key": {
          "type": 0,
          "file": 2,
          "line": 12,
          "col": 3,
          "lit": "token"
        },
        "value": {
          "type": 3,
          "file": 2,
          "line": 24,
          "col": 14,
          "expr": "github.token"
        }
      },
      {
        "key": {
          "type": 0,
          "file": 2,
          "line": 25,
          "col": 3,
          "lit": "ssh-key"
        },
        "value": ""
      },
      {
        "key": {
          "type": 0,
          "file": 2,
          "line": 37,
          "col": 3,
          "lit": "ssh-known-hosts"
        },
        "value": ""
      },
      {
        "key": {
          "type": 0,
          "file": 2,
          "line": 42,
          "col": 3,
          "lit": "ssh-strict"
        },
        "value": {
          "type": 0,
          "file": 2,
          "line": 47,
          "col": 14,
          "lit": "true"
        }
      },
      {
        "key": {
          "type": 0,
          "file": 2,
          "line": 48,
          "col": 3,
          "lit": "ssh-user"
        },
        "value": {
          "type": 0,
          "file": 2,
          "line": 51,
          "col": 14,
          "lit": "git"
        }
      },
      {
        "key": {
          "type": 0,
          "file": 2,
          "line": 52,
          "col": 3,
          "lit": "persist-credentials"
        },
        "value": {
          "type": 0,
          "file": 2,
          "line": 54,
          "col": 14,
          "lit": "true"
        }
      },
      {
        "key": {
          "type": 0,
          "file": 2,
          "line": 55,
          "col": 3,
          "lit": "path"
        },
        "value": ""
      },
      {
        "key": {
          "type": 0,
          "file": 2,
          "line": 57,
          "col": 3,
          "lit": "clean"
        },
        "value": {
          "type": 0,
          "file": 2,
          "line": 59,
          "col": 14,
          "lit": "true"
        }
      },
      {
        "key": {
          "type": 0,
          "file": 2,
          "line": 60,
          "col": 3,
          "lit": "filter"
        },
        "value": {
          "type": 0,
          "file": 2,
          "line": 64,
          "col": 14,
          "lit": ""
        }
      },
      {
        "key": {
          "type": 0,
          "file": 2,
          "line": 65,
          "col": 3,
          "lit": "sparse-checkout"
        },
        "value": {
          "type": 0,
          "file": 2,
          "line": 69,
          "col": 14,
          "lit": ""
        }
      },
      {
        "key": {
          "type": 0,
          "file": 2,
          "line": 70,
          "col": 3,
          "lit": "sparse-checkout-cone-mode"
        },
        "value": {
          "type": 0,
          "file": 2,
          "line": 73,
          "col": 14,
          "lit": "true"
        }
      },
      {
        "key": {
          "type": 0,
          "file": 2,
          "line": 74,
          "col": 3,
          "lit": "fetch-depth"
        },
        "value": {
          "type": 0,
          "file": 2,
          "line": 76,
          "col": 14,
          "lit": "1"
        }
      },
      {
        "key": {
          "type": 0,
          "file": 2,
          "line": 77,
          "col": 3,
          "lit": "fetch-tags"
        },
        "value": {
          "type": 0,
          "file": 2,
          "line": 79,
          "col": 14,
          "lit": "false"
        }
      },
      {
        "key": {
          "type": 0,
          "file": 2,
          "line": 80,
          "col": 3,
          "lit": "show-progress"
        },
        "value": {
          "type": 0,
          "file": 2,
          "line": 82,
          "col": 14,
          "lit": "true"
        }
      },
      {
        "key": {
          "type": 0,
          "file": 2,
          "line": 83,
          "col": 3,
          "lit": "lfs"
        },
        "value": {
          "type": 0,
          "file": 2,
          "line": 85,
          "col": 14,
          "lit": "false"
        }
      },
      {
        "key": {
          "type": 0,
          "file": 2,
          "line": 86,
          "col": 3,
          "lit": "submodules"
        },
        "value": {
          "type": 0,
          "file": 2,
          "line": 94,
          "col": 14,
          "lit": "false"
        }
      },
      {
        "key": {
          "type": 0,
          "file": 2,
          "line": 95,
          "col": 3,
          "lit": "set-safe-directory"
        },
        "value": {
          "type": 0,
          "file": 2,
          "line": 97,
          "col": 14,
          "lit": "true"
        }
      },
      {
        "key": {
          "type": 0,
          "file": 2,
          "line": 98,
          "col": 3,
          "lit": "github-server-url"
        },
        "value": ""
      }
    ]
  },
  "execution": {
    "executionType": "nodeJS",
    "hasPre": false,
    "hasPost": true,
    "script": "dist/index.js",
    "pre": null,
    "post": "dist/index.js",
    "nodeVersion": "node20",
    "cleanupCondition": "always()",
    "initCondition": "always()"
  },
  "deprecated": null
}
[2026-06-08 18:26:53Z INFO ActionManager] Action pre node.js file: N/A.
[2026-06-08 18:26:53Z INFO ActionManager] Action node.js file: dist/index.js.
[2026-06-08 18:26:53Z INFO ActionManager] Action post node.js file: dist/index.js.
[2026-06-08 18:26:53Z INFO ExecutionContext] Reserve record order 6 to 10 for post job actions.
[2026-06-08 18:26:53Z INFO HostContext] Well known directory 'Bin': 'C:\Users\mrbob\Desktop\devsopserver\actions-runner\bin'
[2026-06-08 18:26:53Z INFO HostContext] Well known directory 'Root': 'C:\Users\mrbob\Desktop\devsopserver\actions-runner'
[2026-06-08 18:26:53Z INFO HostContext] Well known directory 'Diag': 'C:\Users\mrbob\Desktop\devsopserver\actions-runner\_diag'
[2026-06-08 18:26:53Z INFO HostContext] Well known directory 'Bin': 'C:\Users\mrbob\Desktop\devsopserver\actions-runner\bin'
[2026-06-08 18:26:53Z INFO HostContext] Well known directory 'Root': 'C:\Users\mrbob\Desktop\devsopserver\actions-runner'
[2026-06-08 18:26:53Z INFO HostContext] Well known directory 'Diag': 'C:\Users\mrbob\Desktop\devsopserver\actions-runner\_diag'
[2026-06-08 18:26:53Z INFO HostContext] Well known directory 'Bin': 'C:\Users\mrbob\Desktop\devsopserver\actions-runner\bin'
[2026-06-08 18:26:53Z INFO HostContext] Well known directory 'Root': 'C:\Users\mrbob\Desktop\devsopserver\actions-runner'
[2026-06-08 18:26:53Z INFO HostContext] Well known directory 'Work': 'C:\Users\mrbob\Desktop\devsopserver\actions-runner\_work'
[2026-06-08 18:26:53Z INFO HostContext] Well known directory 'Temp': 'C:\Users\mrbob\Desktop\devsopserver\actions-runner\_work\_temp'
[2026-06-08 18:26:53Z INFO ExecutionContext] Write event payload to C:\Users\mrbob\Desktop\devsopserver\actions-runner\_work\_temp\_github_workflow\event.json
[2026-06-08 18:26:53Z INFO HostContext] Well known directory 'Bin': 'C:\Users\mrbob\Desktop\devsopserver\actions-runner\bin'
[2026-06-08 18:26:53Z INFO HostContext] Well known directory 'Root': 'C:\Users\mrbob\Desktop\devsopserver\actions-runner'
[2026-06-08 18:26:53Z INFO HostContext] Well known directory 'Work': 'C:\Users\mrbob\Desktop\devsopserver\actions-runner\_work'
[2026-06-08 18:26:53Z INFO HostContext] Well known directory 'Temp': 'C:\Users\mrbob\Desktop\devsopserver\actions-runner\_work\_temp'
[2026-06-08 18:26:53Z INFO ExtensionManager] Getting extensions for interface: 'GitHub.Runner.Worker.IFileCommandExtension'
[2026-06-08 18:26:53Z INFO ExtensionManager] Creating instance: GitHub.Runner.Worker.AddPathFileCommand, Runner.Worker
[2026-06-08 18:26:53Z INFO ExtensionManager] Creating instance: GitHub.Runner.Worker.SetEnvFileCommand, Runner.Worker
[2026-06-08 18:26:53Z INFO ExtensionManager] Creating instance: GitHub.Runner.Worker.CreateStepSummaryCommand, Runner.Worker
[2026-06-08 18:26:53Z INFO ExtensionManager] Creating instance: GitHub.Runner.Worker.SaveStateFileCommand, Runner.Worker
[2026-06-08 18:26:53Z INFO ExtensionManager] Creating instance: GitHub.Runner.Worker.SetOutputFileCommand, Runner.Worker
[2026-06-08 18:26:53Z INFO ActionManifestManagerLegacy] Input 'repository': default value evaluate result: {
  "type": 0,
  "file": 2,
  "line": 6,
  "col": 14,
  "lit": "oeunchhinh-ux/devopsserver"
}
[2026-06-08 18:26:53Z INFO ActionManifestManagerLegacy] Input 'ref': default value evaluate result: ""
[2026-06-08 18:26:53Z INFO ActionManifestManagerLegacy] Input 'token': default value evaluate result: {
  "type": 0,
  "file": 2,
  "line": 24,
  "col": 14,
  "lit": "***"
}
[2026-06-08 18:26:53Z INFO ActionManifestManagerLegacy] Input 'ssh-key': default value evaluate result: ""
[2026-06-08 18:26:53Z INFO ActionManifestManagerLegacy] Input 'ssh-known-hosts': default value evaluate result: ""
[2026-06-08 18:26:53Z INFO ActionManifestManagerLegacy] Input 'ssh-strict': default value evaluate result: {
  "type": 0,
  "file": 2,
  "line": 47,
  "col": 14,
  "lit": "true"
}
[2026-06-08 18:26:53Z INFO ActionManifestManagerLegacy] Input 'ssh-user': default value evaluate result: {
  "type": 0,
  "file": 2,
  "line": 51,
  "col": 14,
  "lit": "git"
}
[2026-06-08 18:26:53Z INFO ActionManifestManagerLegacy] Input 'persist-credentials': default value evaluate result: {
  "type": 0,
  "file": 2,
  "line": 54,
  "col": 14,
  "lit": "true"
}
[2026-06-08 18:26:53Z INFO ActionManifestManagerLegacy] Input 'path': default value evaluate result: ""
[2026-06-08 18:26:53Z INFO ActionManifestManagerLegacy] Input 'clean': default value evaluate result: {
  "type": 0,
  "file": 2,
  "line": 59,
  "col": 14,
  "lit": "true"
}
[2026-06-08 18:26:53Z INFO ActionManifestManagerLegacy] Input 'filter': default value evaluate result: {
  "type": 0,
  "file": 2,
  "line": 64,
  "col": 14,
  "lit": ""
}
[2026-06-08 18:26:53Z INFO ActionManifestManagerLegacy] Input 'sparse-checkout': default value evaluate result: {
  "type": 0,
  "file": 2,
  "line": 69,
  "col": 14,
  "lit": ""
}
[2026-06-08 18:26:53Z INFO ActionManifestManagerLegacy] Input 'sparse-checkout-cone-mode': default value evaluate result: {
  "type": 0,
  "file": 2,
  "line": 73,
  "col": 14,
  "lit": "true"
}
[2026-06-08 18:26:53Z INFO ActionManifestManagerLegacy] Input 'fetch-depth': default value evaluate result: {
  "type": 0,
  "file": 2,
  "line": 76,
  "col": 14,
  "lit": "1"
}
[2026-06-08 18:26:53Z INFO ActionManifestManagerLegacy] Input 'fetch-tags': default value evaluate result: {
  "type": 0,
  "file": 2,
  "line": 79,
  "col": 14,
  "lit": "false"
}
[2026-06-08 18:26:53Z INFO ActionManifestManagerLegacy] Input 'show-progress': default value evaluate result: {
  "type": 0,
  "file": 2,
  "line": 82,
  "col": 14,
  "lit": "true"
}
[2026-06-08 18:26:53Z INFO ActionManifestManagerLegacy] Input 'lfs': default value evaluate result: {
  "type": 0,
  "file": 2,
  "line": 85,
  "col": 14,
  "lit": "false"
}
[2026-06-08 18:26:53Z INFO ActionManifestManagerLegacy] Input 'submodules': default value evaluate result: {
  "type": 0,
  "file": 2,
  "line": 94,
  "col": 14,
  "lit": "false"
}
[2026-06-08 18:26:53Z INFO ActionManifestManagerLegacy] Input 'set-safe-directory': default value evaluate result: {
  "type": 0,
  "file": 2,
  "line": 97,
  "col": 14,
  "lit": "true"
}
[2026-06-08 18:26:53Z INFO ActionManifestManagerLegacy] Input 'github-server-url': default value evaluate result: ""
[2026-06-08 18:26:53Z INFO ExtensionManager] Getting extensions for interface: 'GitHub.Runner.Worker.IActionCommandExtension'
[2026-06-08 18:26:53Z INFO ExtensionManager] Creating instance: GitHub.Runner.Worker.InternalPluginSetRepoPathCommandExtension, Runner.Worker
[2026-06-08 18:26:53Z INFO ExtensionManager] Creating instance: GitHub.Runner.Worker.SetEnvCommandExtension, Runner.Worker
[2026-06-08 18:26:53Z INFO ExtensionManager] Creating instance: GitHub.Runner.Worker.SetOutputCommandExtension, Runner.Worker
[2026-06-08 18:26:53Z INFO ExtensionManager] Creating instance: GitHub.Runner.Worker.SaveStateCommandExtension, Runner.Worker
[2026-06-08 18:26:53Z INFO ExtensionManager] Creating instance: GitHub.Runner.Worker.AddPathCommandExtension, Runner.Worker
[2026-06-08 18:26:53Z INFO ExtensionManager] Creating instance: GitHub.Runner.Worker.AddMaskCommandExtension, Runner.Worker
[2026-06-08 18:26:53Z INFO ExtensionManager] Creating instance: GitHub.Runner.Worker.AddMatcherCommandExtension, Runner.Worker
[2026-06-08 18:26:53Z INFO ExtensionManager] Creating instance: GitHub.Runner.Worker.RemoveMatcherCommandExtension, Runner.Worker
[2026-06-08 18:26:53Z INFO ExtensionManager] Creating instance: GitHub.Runner.Worker.WarningCommandExtension, Runner.Worker
[2026-06-08 18:26:53Z INFO ExtensionManager] Creating instance: GitHub.Runner.Worker.ErrorCommandExtension, Runner.Worker
[2026-06-08 18:26:53Z INFO ExtensionManager] Creating instance: GitHub.Runner.Worker.NoticeCommandExtension, Runner.Worker
[2026-06-08 18:26:53Z INFO ExtensionManager] Creating instance: GitHub.Runner.Worker.DebugCommandExtension, Runner.Worker
[2026-06-08 18:26:53Z INFO ExtensionManager] Creating instance: GitHub.Runner.Worker.GroupCommandExtension, Runner.Worker
[2026-06-08 18:26:53Z INFO ExtensionManager] Creating instance: GitHub.Runner.Worker.EndGroupCommandExtension, Runner.Worker
[2026-06-08 18:26:53Z INFO ExtensionManager] Creating instance: GitHub.Runner.Worker.EchoCommandExtension, Runner.Worker
[2026-06-08 18:26:53Z INFO ActionCommandManager] Register action command extension for command internal-set-repo-path
[2026-06-08 18:26:53Z INFO ActionCommandManager] Register action command extension for command set-env
[2026-06-08 18:26:53Z INFO ActionCommandManager] Register action command extension for command set-output
[2026-06-08 18:26:53Z INFO ActionCommandManager] Register action command extension for command save-state
[2026-06-08 18:26:53Z INFO ActionCommandManager] Register action command extension for command add-path
[2026-06-08 18:26:53Z INFO ActionCommandManager] Register action command extension for command add-mask
[2026-06-08 18:26:53Z INFO ActionCommandManager] Register action command extension for command add-matcher
[2026-06-08 18:26:53Z INFO ActionCommandManager] Register action command extension for command remove-matcher
[2026-06-08 18:26:53Z INFO ActionCommandManager] Register action command extension for command warning
[2026-06-08 18:26:53Z INFO ActionCommandManager] Register action command extension for command error
[2026-06-08 18:26:53Z INFO ActionCommandManager] Register action command extension for command notice
[2026-06-08 18:26:53Z INFO ActionCommandManager] Register action command extension for command debug
[2026-06-08 18:26:53Z INFO ActionCommandManager] Register action command extension for command group
[2026-06-08 18:26:53Z INFO ActionCommandManager] Register action command extension for command endgroup
[2026-06-08 18:26:53Z INFO ActionCommandManager] Register action command extension for command echo
[2026-06-08 18:26:53Z INFO JobServerQueue] Got a step log file to send to results service.
[2026-06-08 18:26:53Z INFO JobServerQueue] Starting upload of step log file to results service ResultsLog, C:\Users\mrbob\Desktop\devsopserver\actions-runner\_diag\blocks\ec2974fb-fb62-4c2e-b881-437f6aa42883_a33814ce-8d72-4c2d-99c9-d0fcce76924e.1
[2026-06-08 18:26:53Z INFO JobServerQueue] Try to upload 1 log files or attachments, success rate: 1/1.
[2026-06-08 18:26:53Z INFO HostContext] Well known directory 'Bin': 'C:\Users\mrbob\Desktop\devsopserver\actions-runner\bin'
[2026-06-08 18:26:53Z INFO HostContext] Well known directory 'Root': 'C:\Users\mrbob\Desktop\devsopserver\actions-runner'
[2026-06-08 18:26:53Z INFO HostContext] Well known directory 'Externals': 'C:\Users\mrbob\Desktop\devsopserver\actions-runner\externals'
[2026-06-08 18:26:53Z INFO ProcessInvokerWrapper] Starting process:
[2026-06-08 18:26:53Z INFO ProcessInvokerWrapper]   File name: 'C:\Users\mrbob\Desktop\devsopserver\actions-runner\externals\node20\bin\node.exe'
[2026-06-08 18:26:53Z INFO ProcessInvokerWrapper]   Arguments: '"C:\Users\mrbob\Desktop\devsopserver\actions-runner\_work\_actions\actions\checkout\v4\dist/index.js"'
[2026-06-08 18:26:53Z INFO ProcessInvokerWrapper]   Working directory: 'C:\Users\mrbob\Desktop\devsopserver\actions-runner\_work\devopsserver\devopsserver'
[2026-06-08 18:26:53Z INFO ProcessInvokerWrapper]   Require exit code zero: 'False'
[2026-06-08 18:26:53Z INFO ProcessInvokerWrapper]   Encoding web name: utf-8 ; code page: '65001'
[2026-06-08 18:26:53Z INFO ProcessInvokerWrapper]   Force kill process on cancellation: 'False'
[2026-06-08 18:26:53Z INFO ProcessInvokerWrapper]   Redirected STDIN: 'False'
[2026-06-08 18:26:53Z INFO ProcessInvokerWrapper]   Persist current code page: 'True'
[2026-06-08 18:26:53Z INFO ProcessInvokerWrapper]   Keep redirected STDIN open: 'False'
[2026-06-08 18:26:53Z INFO ProcessInvokerWrapper]   High priority process: 'False'
[2026-06-08 18:26:53Z INFO JobServerQueue] Try to append 1 batches web console lines for record '4898ddfe-f3bd-45e2-9ed5-25cb2eb6983c', success rate: 1/1.
[2026-06-08 18:26:54Z INFO ProcessInvokerWrapper] Process started with process id 12508, waiting for process exit.
[2026-06-08 18:26:54Z INFO AddMaskCommandExtension] Add new secret mask with length of 588
[2026-06-08 18:26:54Z INFO JobServerQueue] Tried to upload 1 file(s) to results, success rate: 1/1.
[2026-06-08 18:26:54Z INFO JobServerQueue] Try to append 1 batches web console lines for record '4898ddfe-f3bd-45e2-9ed5-25cb2eb6983c', success rate: 1/1.
[2026-06-08 18:26:54Z INFO JobServerQueue] Try to append 1 batches web console lines for record '4898ddfe-f3bd-45e2-9ed5-25cb2eb6983c', success rate: 1/1.
[2026-06-08 18:26:55Z INFO JobServerQueue] Try to append 1 batches web console lines for record '4898ddfe-f3bd-45e2-9ed5-25cb2eb6983c', success rate: 1/1.
[2026-06-08 18:26:56Z INFO JobServerQueue] Try to append 1 batches web console lines for record '4898ddfe-f3bd-45e2-9ed5-25cb2eb6983c', success rate: 1/1.
[2026-06-08 18:26:56Z INFO JobServerQueue] Try to append 1 batches web console lines for record '4898ddfe-f3bd-45e2-9ed5-25cb2eb6983c', success rate: 1/1.
[2026-06-08 18:26:57Z INFO JobServerQueue] Try to append 1 batches web console lines for record '4898ddfe-f3bd-45e2-9ed5-25cb2eb6983c', success rate: 1/1.
[2026-06-08 18:26:58Z INFO JobServerQueue] Try to append 1 batches web console lines for record '4898ddfe-f3bd-45e2-9ed5-25cb2eb6983c', success rate: 1/1.
[2026-06-08 18:26:59Z INFO ProcessInvokerWrapper] STDOUT/STDERR stream read finished.
[2026-06-08 18:26:59Z INFO ProcessInvokerWrapper] STDOUT/STDERR stream read finished.
[2026-06-08 18:26:59Z INFO ProcessInvokerWrapper] Finished process 12508 with exit code 0, and elapsed time 00:00:05.7706703.
[2026-06-08 18:26:59Z INFO CreateStepSummaryCommand] Step Summary file (C:\Users\mrbob\Desktop\devsopserver\actions-runner\_work\_temp\_runner_file_commands\step_summary_2418542e-dbef-4387-9d39-2b77b5915955) is empty; skipping attachment upload
[2026-06-08 18:26:59Z INFO StepsRunner] Step result: 
[2026-06-08 18:26:59Z INFO ExecutionContext] Publish step telemetry for current step {
  "action": "actions/checkout",
  "ref": "v4",
  "type": "node20",
  "stage": "Main",
  "stepId": "4898ddfe-f3bd-45e2-9ed5-25cb2eb6983c",
  "stepContextName": "__actions_checkout",
  "hasPreStep": false,
  "hasPostStep": true,
  "result": "succeeded",
  "errorMessages": [],
  "executionTimeInSeconds": 6,
  "startTime": "2026-06-08T18:26:53.1704567Z",
  "finishTime": "2026-06-08T18:26:59.0321654Z"
}.
[2026-06-08 18:26:59Z INFO StepsRunner] No need for updating job result with current step result 'Succeeded'.
[2026-06-08 18:26:59Z INFO StepsRunner] Current state: job state = ''
[2026-06-08 18:26:59Z INFO StepsRunner] Processing step: DisplayName='Build Docker Image'
[2026-06-08 18:26:59Z INFO StepsRunner] Evaluating: success()
[2026-06-08 18:26:59Z INFO StepsRunner] Result: true
[2026-06-08 18:26:59Z INFO StepsRunner] Starting the step.
[2026-06-08 18:26:59Z INFO HostContext] Well known directory 'Bin': 'C:\Users\mrbob\Desktop\devsopserver\actions-runner\bin'
[2026-06-08 18:26:59Z INFO HostContext] Well known directory 'Root': 'C:\Users\mrbob\Desktop\devsopserver\actions-runner'
[2026-06-08 18:26:59Z INFO HostContext] Well known directory 'Work': 'C:\Users\mrbob\Desktop\devsopserver\actions-runner\_work'
[2026-06-08 18:26:59Z INFO StepsRunner] Which2: 'chcp'
[2026-06-08 18:26:59Z INFO StepsRunner] Location: 'C:\WINDOWS\system32\chcp.COM'
[2026-06-08 18:26:59Z INFO ProcessInvokerWrapper] Starting process:
[2026-06-08 18:26:59Z INFO ProcessInvokerWrapper]   File name: 'C:\WINDOWS\system32\chcp.COM'
[2026-06-08 18:26:59Z INFO ProcessInvokerWrapper]   Arguments: '65001'
[2026-06-08 18:26:59Z INFO ProcessInvokerWrapper]   Working directory: 'C:\Users\mrbob\Desktop\devsopserver\actions-runner\_work'
[2026-06-08 18:26:59Z INFO ProcessInvokerWrapper]   Require exit code zero: 'False'
[2026-06-08 18:26:59Z INFO ProcessInvokerWrapper]   Encoding web name:  ; code page: ''
[2026-06-08 18:26:59Z INFO ProcessInvokerWrapper]   Force kill process on cancellation: 'False'
[2026-06-08 18:26:59Z INFO ProcessInvokerWrapper]   Redirected STDIN: 'False'
[2026-06-08 18:26:59Z INFO ProcessInvokerWrapper]   Persist current code page: 'True'
[2026-06-08 18:26:59Z INFO ProcessInvokerWrapper]   Keep redirected STDIN open: 'False'
[2026-06-08 18:26:59Z INFO ProcessInvokerWrapper]   High priority process: 'False'
[2026-06-08 18:26:59Z INFO ProcessInvokerWrapper] Process started with process id 26748, waiting for process exit.
[2026-06-08 18:26:59Z INFO ProcessInvokerWrapper] STDOUT/STDERR stream read finished.
[2026-06-08 18:26:59Z INFO ProcessInvokerWrapper] STDOUT/STDERR stream read finished.
[2026-06-08 18:26:59Z INFO ProcessInvokerWrapper] Finished process 26748 with exit code 0, and elapsed time 00:00:00.0088271.
[2026-06-08 18:26:59Z INFO StepsRunner] Successfully returned to code page 65001 (UTF8)
[2026-06-08 18:26:59Z INFO HostContext] Well known directory 'Bin': 'C:\Users\mrbob\Desktop\devsopserver\actions-runner\bin'
[2026-06-08 18:26:59Z INFO HostContext] Well known directory 'Root': 'C:\Users\mrbob\Desktop\devsopserver\actions-runner'
[2026-06-08 18:26:59Z INFO HostContext] Well known directory 'Work': 'C:\Users\mrbob\Desktop\devsopserver\actions-runner\_work'
[2026-06-08 18:26:59Z INFO HostContext] Well known directory 'Temp': 'C:\Users\mrbob\Desktop\devsopserver\actions-runner\_work\_temp'
[2026-06-08 18:26:59Z INFO ExecutionContext] Write event payload to C:\Users\mrbob\Desktop\devsopserver\actions-runner\_work\_temp\_github_workflow\event.json
[2026-06-08 18:26:59Z INFO HostContext] Well known directory 'Bin': 'C:\Users\mrbob\Desktop\devsopserver\actions-runner\bin'
[2026-06-08 18:26:59Z INFO HostContext] Well known directory 'Root': 'C:\Users\mrbob\Desktop\devsopserver\actions-runner'
[2026-06-08 18:26:59Z INFO HostContext] Well known directory 'Work': 'C:\Users\mrbob\Desktop\devsopserver\actions-runner\_work'
[2026-06-08 18:26:59Z INFO HostContext] Well known directory 'Temp': 'C:\Users\mrbob\Desktop\devsopserver\actions-runner\_work\_temp'
[2026-06-08 18:26:59Z INFO ExtensionManager] Getting extensions for interface: 'GitHub.Runner.Worker.IFileCommandExtension'
[2026-06-08 18:26:59Z INFO ExtensionManager] Getting extensions for interface: 'GitHub.Runner.Worker.IActionCommandExtension'
[2026-06-08 18:26:59Z INFO ActionCommandManager] Register action command extension for command internal-set-repo-path
[2026-06-08 18:26:59Z INFO ActionCommandManager] Register action command extension for command set-env
[2026-06-08 18:26:59Z INFO ActionCommandManager] Register action command extension for command set-output
[2026-06-08 18:26:59Z INFO ActionCommandManager] Register action command extension for command save-state
[2026-06-08 18:26:59Z INFO ActionCommandManager] Register action command extension for command add-path
[2026-06-08 18:26:59Z INFO ActionCommandManager] Register action command extension for command add-mask
[2026-06-08 18:26:59Z INFO ActionCommandManager] Register action command extension for command add-matcher
[2026-06-08 18:26:59Z INFO ActionCommandManager] Register action command extension for command remove-matcher
[2026-06-08 18:26:59Z INFO ActionCommandManager] Register action command extension for command warning
[2026-06-08 18:26:59Z INFO ActionCommandManager] Register action command extension for command error
[2026-06-08 18:26:59Z INFO ActionCommandManager] Register action command extension for command notice
[2026-06-08 18:26:59Z INFO ActionCommandManager] Register action command extension for command debug
[2026-06-08 18:26:59Z INFO ActionCommandManager] Register action command extension for command group
[2026-06-08 18:26:59Z INFO ActionCommandManager] Register action command extension for command endgroup
[2026-06-08 18:26:59Z INFO ActionCommandManager] Register action command extension for command echo
[2026-06-08 18:26:59Z INFO ScriptHandler] Which2: 'pwsh'
[2026-06-08 18:26:59Z INFO ScriptHandler] pwsh: command not found. Make sure 'pwsh' is installed and its location included in the 'Path' environment variable.
[2026-06-08 18:26:59Z INFO ScriptHandler] Defaulting to powershell
[2026-06-08 18:26:59Z INFO ScriptHandler] Which2: 'powershell'
[2026-06-08 18:26:59Z INFO ScriptHandler] Location: 'C:\WINDOWS\System32\WindowsPowerShell\v1.0\powershell.EXE'
[2026-06-08 18:26:59Z INFO HostContext] Well known directory 'Bin': 'C:\Users\mrbob\Desktop\devsopserver\actions-runner\bin'
[2026-06-08 18:26:59Z INFO HostContext] Well known directory 'Root': 'C:\Users\mrbob\Desktop\devsopserver\actions-runner'
[2026-06-08 18:26:59Z INFO HostContext] Well known directory 'Work': 'C:\Users\mrbob\Desktop\devsopserver\actions-runner\_work'
[2026-06-08 18:26:59Z INFO HostContext] Well known directory 'Temp': 'C:\Users\mrbob\Desktop\devsopserver\actions-runner\_work\_temp'
[2026-06-08 18:26:59Z INFO ScriptHandler] Which2: 'pwsh'
[2026-06-08 18:26:59Z INFO ScriptHandler] pwsh: command not found. Make sure 'pwsh' is installed and its location included in the 'Path' environment variable.
[2026-06-08 18:26:59Z INFO ScriptHandler] Defaulting to powershell
[2026-06-08 18:26:59Z INFO ScriptHandler] Which2: 'powershell'
[2026-06-08 18:26:59Z INFO ScriptHandler] Location: 'C:\WINDOWS\System32\WindowsPowerShell\v1.0\powershell.EXE'
[2026-06-08 18:26:59Z INFO ProcessInvokerWrapper] Starting process:
[2026-06-08 18:26:59Z INFO ProcessInvokerWrapper]   File name: 'C:\WINDOWS\System32\WindowsPowerShell\v1.0\powershell.EXE'
[2026-06-08 18:26:59Z INFO ProcessInvokerWrapper]   Arguments: '-command ". 'C:\Users\mrbob\Desktop\devsopserver\actions-runner\_work\_temp\d5c6955d-e3b4-4f4a-a97f-40d2bc8cd203.ps1'"'
[2026-06-08 18:26:59Z INFO ProcessInvokerWrapper]   Working directory: 'C:\Users\mrbob\Desktop\devsopserver\actions-runner\_work\devopsserver\devopsserver'
[2026-06-08 18:26:59Z INFO ProcessInvokerWrapper]   Require exit code zero: 'False'
[2026-06-08 18:26:59Z INFO ProcessInvokerWrapper]   Encoding web name:  ; code page: ''
[2026-06-08 18:26:59Z INFO ProcessInvokerWrapper]   Force kill process on cancellation: 'False'
[2026-06-08 18:26:59Z INFO ProcessInvokerWrapper]   Redirected STDIN: 'False'
[2026-06-08 18:26:59Z INFO ProcessInvokerWrapper]   Persist current code page: 'True'
[2026-06-08 18:26:59Z INFO ProcessInvokerWrapper]   Keep redirected STDIN open: 'False'
[2026-06-08 18:26:59Z INFO ProcessInvokerWrapper]   High priority process: 'False'
[2026-06-08 18:26:59Z INFO ProcessInvokerWrapper] Process started with process id 17780, waiting for process exit.
[2026-06-08 18:26:59Z INFO JobServerQueue] Try to append 1 batches web console lines for record '4898ddfe-f3bd-45e2-9ed5-25cb2eb6983c', success rate: 1/1.
[2026-06-08 18:26:59Z INFO JobServerQueue] Try to append 1 batches web console lines for record '821dfc91-5dfd-444e-bd89-fa6d292d8db9', success rate: 1/1.
[2026-06-08 18:26:59Z INFO JobServerQueue] Try to upload 1 log files or attachments, success rate: 1/1.
[2026-06-08 18:26:59Z INFO ProcessInvokerWrapper] STDOUT/STDERR stream read finished.
[2026-06-08 18:26:59Z INFO ProcessInvokerWrapper] STDOUT/STDERR stream read finished.
[2026-06-08 18:26:59Z INFO JobServerQueue] Try to append 1 batches web console lines for record '821dfc91-5dfd-444e-bd89-fa6d292d8db9', success rate: 1/1.
[2026-06-08 18:26:59Z INFO ProcessInvokerWrapper] Finished process 17780 with exit code 1, and elapsed time 00:00:00.3473471.
[2026-06-08 18:26:59Z INFO CreateStepSummaryCommand] Step Summary file (C:\Users\mrbob\Desktop\devsopserver\actions-runner\_work\_temp\_runner_file_commands\step_summary_35817b09-08d4-4a93-8fda-1b060cc8a545) is empty; skipping attachment upload
[2026-06-08 18:26:59Z INFO StepsRunner] Step result: Failed
[2026-06-08 18:26:59Z INFO ExecutionContext] Publish step telemetry for current step {
  "action": "powershell",
  "type": "run",
  "stage": "Main",
  "stepId": "821dfc91-5dfd-444e-bd89-fa6d292d8db9",
  "stepContextName": "__run",
  "result": "failed",
  "errorMessages": [
    "Process completed with exit code 1."
  ],
  "executionTimeInSeconds": 1,
  "startTime": "2026-06-08T18:26:59.0338149Z",
  "finishTime": "2026-06-08T18:26:59.429612Z"
}.
[2026-06-08 18:26:59Z INFO StepsRunner] Update job result with current step result 'Failed'.
[2026-06-08 18:26:59Z INFO StepsRunner] Current state: job state = 'Failed'
[2026-06-08 18:26:59Z INFO StepsRunner] Processing step: DisplayName='Cleanup Old Container'
[2026-06-08 18:26:59Z INFO StepsRunner] Evaluating: success()
[2026-06-08 18:26:59Z INFO StepsRunner] Result: false
[2026-06-08 18:26:59Z INFO StepsRunner] Skipping step due to condition evaluation.
[2026-06-08 18:26:59Z INFO StepsRunner] No need for updating job result with current step result 'Skipped'.
[2026-06-08 18:26:59Z INFO StepsRunner] Current state: job state = 'Failed'
[2026-06-08 18:26:59Z INFO StepsRunner] Processing step: DisplayName='Run New Container'
[2026-06-08 18:26:59Z INFO StepsRunner] Evaluating: success()
[2026-06-08 18:26:59Z INFO StepsRunner] Result: false
[2026-06-08 18:26:59Z INFO StepsRunner] Skipping step due to condition evaluation.
[2026-06-08 18:26:59Z INFO StepsRunner] No need for updating job result with current step result 'Skipped'.
[2026-06-08 18:26:59Z INFO StepsRunner] Current state: job state = 'Failed'
[2026-06-08 18:26:59Z INFO StepsRunner] Processing step: DisplayName='Post Checkout Code'
[2026-06-08 18:26:59Z INFO StepsRunner] Evaluating: always()
[2026-06-08 18:26:59Z INFO StepsRunner] Result: true
[2026-06-08 18:26:59Z INFO StepsRunner] Starting the step.
[2026-06-08 18:26:59Z INFO HostContext] Well known directory 'Bin': 'C:\Users\mrbob\Desktop\devsopserver\actions-runner\bin'
[2026-06-08 18:26:59Z INFO HostContext] Well known directory 'Root': 'C:\Users\mrbob\Desktop\devsopserver\actions-runner'
[2026-06-08 18:26:59Z INFO HostContext] Well known directory 'Work': 'C:\Users\mrbob\Desktop\devsopserver\actions-runner\_work'
[2026-06-08 18:26:59Z INFO StepsRunner] Which2: 'chcp'
[2026-06-08 18:26:59Z INFO StepsRunner] Location: 'C:\WINDOWS\system32\chcp.COM'
[2026-06-08 18:26:59Z INFO ProcessInvokerWrapper] Starting process:
[2026-06-08 18:26:59Z INFO ProcessInvokerWrapper]   File name: 'C:\WINDOWS\system32\chcp.COM'
[2026-06-08 18:26:59Z INFO ProcessInvokerWrapper]   Arguments: '65001'
[2026-06-08 18:26:59Z INFO ProcessInvokerWrapper]   Working directory: 'C:\Users\mrbob\Desktop\devsopserver\actions-runner\_work'
[2026-06-08 18:26:59Z INFO ProcessInvokerWrapper]   Require exit code zero: 'False'
[2026-06-08 18:26:59Z INFO ProcessInvokerWrapper]   Encoding web name:  ; code page: ''
[2026-06-08 18:26:59Z INFO ProcessInvokerWrapper]   Force kill process on cancellation: 'False'
[2026-06-08 18:26:59Z INFO ProcessInvokerWrapper]   Redirected STDIN: 'False'
[2026-06-08 18:26:59Z INFO ProcessInvokerWrapper]   Persist current code page: 'True'
[2026-06-08 18:26:59Z INFO ProcessInvokerWrapper]   Keep redirected STDIN open: 'False'
[2026-06-08 18:26:59Z INFO ProcessInvokerWrapper]   High priority process: 'False'
[2026-06-08 18:26:59Z INFO ProcessInvokerWrapper] Process started with process id 23900, waiting for process exit.
[2026-06-08 18:26:59Z INFO ProcessInvokerWrapper] STDOUT/STDERR stream read finished.
[2026-06-08 18:26:59Z INFO ProcessInvokerWrapper] STDOUT/STDERR stream read finished.
[2026-06-08 18:26:59Z INFO ProcessInvokerWrapper] Finished process 23900 with exit code 0, and elapsed time 00:00:00.0087642.
[2026-06-08 18:26:59Z INFO StepsRunner] Successfully returned to code page 65001 (UTF8)
[2026-06-08 18:26:59Z INFO HostContext] Well known directory 'Bin': 'C:\Users\mrbob\Desktop\devsopserver\actions-runner\bin'
[2026-06-08 18:26:59Z INFO HostContext] Well known directory 'Root': 'C:\Users\mrbob\Desktop\devsopserver\actions-runner'
[2026-06-08 18:26:59Z INFO HostContext] Well known directory 'Work': 'C:\Users\mrbob\Desktop\devsopserver\actions-runner\_work'
[2026-06-08 18:26:59Z INFO HostContext] Well known directory 'Actions': 'C:\Users\mrbob\Desktop\devsopserver\actions-runner\_work\_actions'
[2026-06-08 18:26:59Z INFO ActionManager] Load action that reference repository from 'C:\Users\mrbob\Desktop\devsopserver\actions-runner\_work\_actions\actions\checkout\v4'
[2026-06-08 18:26:59Z INFO HostContext] Well known directory 'Bin': 'C:\Users\mrbob\Desktop\devsopserver\actions-runner\bin'
[2026-06-08 18:26:59Z INFO HostContext] Well known directory 'Root': 'C:\Users\mrbob\Desktop\devsopserver\actions-runner'
[2026-06-08 18:26:59Z INFO HostContext] Well known directory 'Work': 'C:\Users\mrbob\Desktop\devsopserver\actions-runner\_work'
[2026-06-08 18:26:59Z INFO HostContext] Well known directory 'Actions': 'C:\Users\mrbob\Desktop\devsopserver\actions-runner\_work\_actions'
[2026-06-08 18:26:59Z INFO ActionManifestManagerLegacy] Loaded action.yml file: {
  "name": "Checkout",
  "description": "Checkout a Git repository at a particular version",
  "inputs": {
    "type": 2,
    "map": [
      {
        "key": {
          "type": 0,
          "file": 2,
          "line": 4,
          "col": 3,
          "lit": "repository"
        },
        "value": {
          "type": 3,
          "file": 2,
          "line": 6,
          "col": 14,
          "expr": "github.repository"
        }
      },
      {
        "key": {
          "type": 0,
          "file": 2,
          "line": 7,
          "col": 3,
          "lit": "ref"
        },
        "value": ""
      },
      {
        "key": {
          "type": 0,
          "file": 2,
          "line": 12,
          "col": 3,
          "lit": "token"
        },
        "value": {
          "type": 3,
          "file": 2,
          "line": 24,
          "col": 14,
          "expr": "github.token"
        }
      },
      {
        "key": {
          "type": 0,
          "file": 2,
          "line": 25,
          "col": 3,
          "lit": "ssh-key"
        },
        "value": ""
      },
      {
        "key": {
          "type": 0,
          "file": 2,
          "line": 37,
          "col": 3,
          "lit": "ssh-known-hosts"
        },
        "value": ""
      },
      {
        "key": {
          "type": 0,
          "file": 2,
          "line": 42,
          "col": 3,
          "lit": "ssh-strict"
        },
        "value": {
          "type": 0,
          "file": 2,
          "line": 47,
          "col": 14,
          "lit": "true"
        }
      },
      {
        "key": {
          "type": 0,
          "file": 2,
          "line": 48,
          "col": 3,
          "lit": "ssh-user"
        },
        "value": {
          "type": 0,
          "file": 2,
          "line": 51,
          "col": 14,
          "lit": "git"
        }
      },
      {
        "key": {
          "type": 0,
          "file": 2,
          "line": 52,
          "col": 3,
          "lit": "persist-credentials"
        },
        "value": {
          "type": 0,
          "file": 2,
          "line": 54,
          "col": 14,
          "lit": "true"
        }
      },
      {
        "key": {
          "type": 0,
          "file": 2,
          "line": 55,
          "col": 3,
          "lit": "path"
        },
        "value": ""
      },
      {
        "key": {
          "type": 0,
          "file": 2,
          "line": 57,
          "col": 3,
          "lit": "clean"
        },
        "value": {
          "type": 0,
          "file": 2,
          "line": 59,
          "col": 14,
          "lit": "true"
        }
      },
      {
        "key": {
          "type": 0,
          "file": 2,
          "line": 60,
          "col": 3,
          "lit": "filter"
        },
        "value": {
          "type": 0,
          "file": 2,
          "line": 64,
          "col": 14,
          "lit": ""
        }
      },
      {
        "key": {
          "type": 0,
          "file": 2,
          "line": 65,
          "col": 3,
          "lit": "sparse-checkout"
        },
        "value": {
          "type": 0,
          "file": 2,
          "line": 69,
          "col": 14,
          "lit": ""
        }
      },
      {
        "key": {
          "type": 0,
          "file": 2,
          "line": 70,
          "col": 3,
          "lit": "sparse-checkout-cone-mode"
        },
        "value": {
          "type": 0,
          "file": 2,
          "line": 73,
          "col": 14,
          "lit": "true"
        }
      },
      {
        "key": {
          "type": 0,
          "file": 2,
          "line": 74,
          "col": 3,
          "lit": "fetch-depth"
        },
        "value": {
          "type": 0,
          "file": 2,
          "line": 76,
          "col": 14,
          "lit": "1"
        }
      },
      {
        "key": {
          "type": 0,
          "file": 2,
          "line": 77,
          "col": 3,
          "lit": "fetch-tags"
        },
        "value": {
          "type": 0,
          "file": 2,
          "line": 79,
          "col": 14,
          "lit": "false"
        }
      },
      {
        "key": {
          "type": 0,
          "file": 2,
          "line": 80,
          "col": 3,
          "lit": "show-progress"
        },
        "value": {
          "type": 0,
          "file": 2,
          "line": 82,
          "col": 14,
          "lit": "true"
        }
      },
      {
        "key": {
          "type": 0,
          "file": 2,
          "line": 83,
          "col": 3,
          "lit": "lfs"
        },
        "value": {
          "type": 0,
          "file": 2,
          "line": 85,
          "col": 14,
          "lit": "false"
        }
      },
      {
        "key": {
          "type": 0,
          "file": 2,
          "line": 86,
          "col": 3,
          "lit": "submodules"
        },
        "value": {
          "type": 0,
          "file": 2,
          "line": 94,
          "col": 14,
          "lit": "false"
        }
      },
      {
        "key": {
          "type": 0,
          "file": 2,
          "line": 95,
          "col": 3,
          "lit": "set-safe-directory"
        },
        "value": {
          "type": 0,
          "file": 2,
          "line": 97,
          "col": 14,
          "lit": "true"
        }
      },
      {
        "key": {
          "type": 0,
          "file": 2,
          "line": 98,
          "col": 3,
          "lit": "github-server-url"
        },
        "value": ""
      }
    ]
  },
  "execution": {
    "executionType": "nodeJS",
    "hasPre": false,
    "hasPost": true,
    "script": "dist/index.js",
    "pre": null,
    "post": "dist/index.js",
    "nodeVersion": "node20",
    "cleanupCondition": "always()",
    "initCondition": "always()"
  },
  "deprecated": null
}
[2026-06-08 18:26:59Z INFO ActionManager] Action pre node.js file: N/A.
[2026-06-08 18:26:59Z INFO ActionManager] Action node.js file: dist/index.js.
[2026-06-08 18:26:59Z INFO ActionManager] Action post node.js file: dist/index.js.
[2026-06-08 18:26:59Z INFO HostContext] Well known directory 'Bin': 'C:\Users\mrbob\Desktop\devsopserver\actions-runner\bin'
[2026-06-08 18:26:59Z INFO HostContext] Well known directory 'Root': 'C:\Users\mrbob\Desktop\devsopserver\actions-runner'
[2026-06-08 18:26:59Z INFO HostContext] Well known directory 'Work': 'C:\Users\mrbob\Desktop\devsopserver\actions-runner\_work'
[2026-06-08 18:26:59Z INFO HostContext] Well known directory 'Temp': 'C:\Users\mrbob\Desktop\devsopserver\actions-runner\_work\_temp'
[2026-06-08 18:26:59Z INFO ExecutionContext] Write event payload to C:\Users\mrbob\Desktop\devsopserver\actions-runner\_work\_temp\_github_workflow\event.json
[2026-06-08 18:26:59Z INFO HostContext] Well known directory 'Bin': 'C:\Users\mrbob\Desktop\devsopserver\actions-runner\bin'
[2026-06-08 18:26:59Z INFO HostContext] Well known directory 'Root': 'C:\Users\mrbob\Desktop\devsopserver\actions-runner'
[2026-06-08 18:26:59Z INFO HostContext] Well known directory 'Work': 'C:\Users\mrbob\Desktop\devsopserver\actions-runner\_work'
[2026-06-08 18:26:59Z INFO HostContext] Well known directory 'Temp': 'C:\Users\mrbob\Desktop\devsopserver\actions-runner\_work\_temp'
[2026-06-08 18:26:59Z INFO ExtensionManager] Getting extensions for interface: 'GitHub.Runner.Worker.IFileCommandExtension'
[2026-06-08 18:26:59Z INFO ActionManifestManagerLegacy] Input 'repository': default value evaluate result: {
  "type": 0,
  "file": 2,
  "line": 6,
  "col": 14,
  "lit": "oeunchhinh-ux/devopsserver"
}
[2026-06-08 18:26:59Z INFO ActionManifestManagerLegacy] Input 'ref': default value evaluate result: ""
[2026-06-08 18:26:59Z INFO ActionManifestManagerLegacy] Input 'token': default value evaluate result: {
  "type": 0,
  "file": 2,
  "line": 24,
  "col": 14,
  "lit": "***"
}
[2026-06-08 18:26:59Z INFO ActionManifestManagerLegacy] Input 'ssh-key': default value evaluate result: ""
[2026-06-08 18:26:59Z INFO ActionManifestManagerLegacy] Input 'ssh-known-hosts': default value evaluate result: ""
[2026-06-08 18:26:59Z INFO ActionManifestManagerLegacy] Input 'ssh-strict': default value evaluate result: {
  "type": 0,
  "file": 2,
  "line": 47,
  "col": 14,
  "lit": "true"
}
[2026-06-08 18:26:59Z INFO ActionManifestManagerLegacy] Input 'ssh-user': default value evaluate result: {
  "type": 0,
  "file": 2,
  "line": 51,
  "col": 14,
  "lit": "git"
}
[2026-06-08 18:26:59Z INFO ActionManifestManagerLegacy] Input 'persist-credentials': default value evaluate result: {
  "type": 0,
  "file": 2,
  "line": 54,
  "col": 14,
  "lit": "true"
}
[2026-06-08 18:26:59Z INFO ActionManifestManagerLegacy] Input 'path': default value evaluate result: ""
[2026-06-08 18:26:59Z INFO ActionManifestManagerLegacy] Input 'clean': default value evaluate result: {
  "type": 0,
  "file": 2,
  "line": 59,
  "col": 14,
  "lit": "true"
}
[2026-06-08 18:26:59Z INFO ActionManifestManagerLegacy] Input 'filter': default value evaluate result: {
  "type": 0,
  "file": 2,
  "line": 64,
  "col": 14,
  "lit": ""
}
[2026-06-08 18:26:59Z INFO ActionManifestManagerLegacy] Input 'sparse-checkout': default value evaluate result: {
  "type": 0,
  "file": 2,
  "line": 69,
  "col": 14,
  "lit": ""
}
[2026-06-08 18:26:59Z INFO ActionManifestManagerLegacy] Input 'sparse-checkout-cone-mode': default value evaluate result: {
  "type": 0,
  "file": 2,
  "line": 73,
  "col": 14,
  "lit": "true"
}
[2026-06-08 18:26:59Z INFO ActionManifestManagerLegacy] Input 'fetch-depth': default value evaluate result: {
  "type": 0,
  "file": 2,
  "line": 76,
  "col": 14,
  "lit": "1"
}
[2026-06-08 18:26:59Z INFO ActionManifestManagerLegacy] Input 'fetch-tags': default value evaluate result: {
  "type": 0,
  "file": 2,
  "line": 79,
  "col": 14,
  "lit": "false"
}
[2026-06-08 18:26:59Z INFO ActionManifestManagerLegacy] Input 'show-progress': default value evaluate result: {
  "type": 0,
  "file": 2,
  "line": 82,
  "col": 14,
  "lit": "true"
}
[2026-06-08 18:26:59Z INFO ActionManifestManagerLegacy] Input 'lfs': default value evaluate result: {
  "type": 0,
  "file": 2,
  "line": 85,
  "col": 14,
  "lit": "false"
}
[2026-06-08 18:26:59Z INFO ActionManifestManagerLegacy] Input 'submodules': default value evaluate result: {
  "type": 0,
  "file": 2,
  "line": 94,
  "col": 14,
  "lit": "false"
}
[2026-06-08 18:26:59Z INFO ActionManifestManagerLegacy] Input 'set-safe-directory': default value evaluate result: {
  "type": 0,
  "file": 2,
  "line": 97,
  "col": 14,
  "lit": "true"
}
[2026-06-08 18:26:59Z INFO ActionManifestManagerLegacy] Input 'github-server-url': default value evaluate result: ""
[2026-06-08 18:26:59Z INFO ExtensionManager] Getting extensions for interface: 'GitHub.Runner.Worker.IActionCommandExtension'
[2026-06-08 18:26:59Z INFO ActionCommandManager] Register action command extension for command internal-set-repo-path
[2026-06-08 18:26:59Z INFO ActionCommandManager] Register action command extension for command set-env
[2026-06-08 18:26:59Z INFO ActionCommandManager] Register action command extension for command set-output
[2026-06-08 18:26:59Z INFO ActionCommandManager] Register action command extension for command save-state
[2026-06-08 18:26:59Z INFO ActionCommandManager] Register action command extension for command add-path
[2026-06-08 18:26:59Z INFO ActionCommandManager] Register action command extension for command add-mask
[2026-06-08 18:26:59Z INFO ActionCommandManager] Register action command extension for command add-matcher
[2026-06-08 18:26:59Z INFO ActionCommandManager] Register action command extension for command remove-matcher
[2026-06-08 18:26:59Z INFO ActionCommandManager] Register action command extension for command warning
[2026-06-08 18:26:59Z INFO ActionCommandManager] Register action command extension for command error
[2026-06-08 18:26:59Z INFO ActionCommandManager] Register action command extension for command notice
[2026-06-08 18:26:59Z INFO ActionCommandManager] Register action command extension for command debug
[2026-06-08 18:26:59Z INFO ActionCommandManager] Register action command extension for command group
[2026-06-08 18:26:59Z INFO ActionCommandManager] Register action command extension for command endgroup
[2026-06-08 18:26:59Z INFO ActionCommandManager] Register action command extension for command echo
[2026-06-08 18:26:59Z INFO HostContext] Well known directory 'Bin': 'C:\Users\mrbob\Desktop\devsopserver\actions-runner\bin'
[2026-06-08 18:26:59Z INFO HostContext] Well known directory 'Root': 'C:\Users\mrbob\Desktop\devsopserver\actions-runner'
[2026-06-08 18:26:59Z INFO HostContext] Well known directory 'Externals': 'C:\Users\mrbob\Desktop\devsopserver\actions-runner\externals'
[2026-06-08 18:26:59Z INFO ProcessInvokerWrapper] Starting process:
[2026-06-08 18:26:59Z INFO ProcessInvokerWrapper]   File name: 'C:\Users\mrbob\Desktop\devsopserver\actions-runner\externals\node20\bin\node.exe'
[2026-06-08 18:26:59Z INFO ProcessInvokerWrapper]   Arguments: '"C:\Users\mrbob\Desktop\devsopserver\actions-runner\_work\_actions\actions\checkout\v4\dist/index.js"'
[2026-06-08 18:26:59Z INFO ProcessInvokerWrapper]   Working directory: 'C:\Users\mrbob\Desktop\devsopserver\actions-runner\_work\devopsserver\devopsserver'
[2026-06-08 18:26:59Z INFO ProcessInvokerWrapper]   Require exit code zero: 'False'
[2026-06-08 18:26:59Z INFO ProcessInvokerWrapper]   Encoding web name: utf-8 ; code page: '65001'
[2026-06-08 18:26:59Z INFO ProcessInvokerWrapper]   Force kill process on cancellation: 'False'
[2026-06-08 18:26:59Z INFO ProcessInvokerWrapper]   Redirected STDIN: 'False'
[2026-06-08 18:26:59Z INFO ProcessInvokerWrapper]   Persist current code page: 'True'
[2026-06-08 18:26:59Z INFO ProcessInvokerWrapper]   Keep redirected STDIN open: 'False'
[2026-06-08 18:26:59Z INFO ProcessInvokerWrapper]   High priority process: 'False'
[2026-06-08 18:26:59Z INFO ProcessInvokerWrapper] Process started with process id 9004, waiting for process exit.
[2026-06-08 18:26:59Z INFO JobServerQueue] Try to append 1 batches web console lines for record '821dfc91-5dfd-444e-bd89-fa6d292d8db9', success rate: 1/1.
[2026-06-08 18:26:59Z INFO JobServerQueue] Try to append 1 batches web console lines for record '05b6abb6-5d4f-4b51-9098-390f909549ce', success rate: 1/1.
[2026-06-08 18:26:59Z INFO AddMaskCommandExtension] Add new secret mask with length of 32
[2026-06-08 18:26:59Z INFO JobServerQueue] Got a step log file to send to results service.
[2026-06-08 18:26:59Z INFO JobServerQueue] Starting upload of step log file to results service ResultsLog, C:\Users\mrbob\Desktop\devsopserver\actions-runner\_diag\blocks\ec2974fb-fb62-4c2e-b881-437f6aa42883_4898ddfe-f3bd-45e2-9ed5-25cb2eb6983c.1
[2026-06-08 18:26:59Z INFO JobServerQueue] Try to append 1 batches web console lines for record '05b6abb6-5d4f-4b51-9098-390f909549ce', success rate: 1/1.
[2026-06-08 18:27:00Z INFO JobServerQueue] Try to upload 1 log files or attachments, success rate: 1/1.
[2026-06-08 18:27:00Z INFO JobServerQueue] Got a step log file to send to results service.
[2026-06-08 18:27:00Z INFO JobServerQueue] Starting upload of step log file to results service ResultsLog, C:\Users\mrbob\Desktop\devsopserver\actions-runner\_diag\blocks\ec2974fb-fb62-4c2e-b881-437f6aa42883_821dfc91-5dfd-444e-bd89-fa6d292d8db9.1
[2026-06-08 18:27:00Z INFO JobServerQueue] Try to append 1 batches web console lines for record '05b6abb6-5d4f-4b51-9098-390f909549ce', success rate: 1/1.
[2026-06-08 18:27:01Z INFO JobServerQueue] Tried to upload 2 file(s) to results, success rate: 2/2.
[2026-06-08 18:27:01Z INFO JobServerQueue] Try to append 1 batches web console lines for record '05b6abb6-5d4f-4b51-9098-390f909549ce', success rate: 1/1.
[2026-06-08 18:27:02Z INFO ProcessInvokerWrapper] STDOUT/STDERR stream read finished.
[2026-06-08 18:27:02Z INFO ProcessInvokerWrapper] STDOUT/STDERR stream read finished.
[2026-06-08 18:27:02Z INFO ProcessInvokerWrapper] Finished process 9004 with exit code 0, and elapsed time 00:00:02.7951111.
[2026-06-08 18:27:02Z INFO CreateStepSummaryCommand] Step Summary file (C:\Users\mrbob\Desktop\devsopserver\actions-runner\_work\_temp\_runner_file_commands\step_summary_ac9eed01-fc34-4a31-bfba-6d4068b82827) is empty; skipping attachment upload
[2026-06-08 18:27:02Z INFO StepsRunner] Step result: 
[2026-06-08 18:27:02Z INFO ExecutionContext] Publish step telemetry for current step {
  "action": "actions/checkout",
  "ref": "v4",
  "type": "node20",
  "stage": "Post",
  "stepId": "05b6abb6-5d4f-4b51-9098-390f909549ce",
  "result": "succeeded",
  "errorMessages": [],
  "executionTimeInSeconds": 3,
  "startTime": "2026-06-08T18:26:59.4337499Z",
  "finishTime": "2026-06-08T18:27:02.2573879Z"
}.
[2026-06-08 18:27:02Z INFO StepsRunner] No need for updating job result with current step result 'Succeeded'.
[2026-06-08 18:27:02Z INFO StepsRunner] Current state: job state = 'Failed'
[2026-06-08 18:27:02Z INFO JobRunner] Finalize job.
[2026-06-08 18:27:02Z INFO HostContext] Well known directory 'Bin': 'C:\Users\mrbob\Desktop\devsopserver\actions-runner\bin'
[2026-06-08 18:27:02Z INFO HostContext] Well known directory 'Root': 'C:\Users\mrbob\Desktop\devsopserver\actions-runner'
[2026-06-08 18:27:02Z INFO HostContext] Well known directory 'Diag': 'C:\Users\mrbob\Desktop\devsopserver\actions-runner\_diag'
[2026-06-08 18:27:02Z INFO HostContext] Well known directory 'Bin': 'C:\Users\mrbob\Desktop\devsopserver\actions-runner\bin'
[2026-06-08 18:27:02Z INFO HostContext] Well known directory 'Root': 'C:\Users\mrbob\Desktop\devsopserver\actions-runner'
[2026-06-08 18:27:02Z INFO HostContext] Well known directory 'Diag': 'C:\Users\mrbob\Desktop\devsopserver\actions-runner\_diag'
[2026-06-08 18:27:02Z INFO JobExtension] Initialize Env context
[2026-06-08 18:27:02Z INFO JobExtension] Initialize steps context
[2026-06-08 18:27:02Z INFO JobExtension] Total accessible running process: 329.
[2026-06-08 18:27:02Z INFO JobExtension] Inspecting process environment variables. PID: 19296 (chrome)
[2026-06-08 18:27:02Z INFO JobServerQueue] Try to append 1 batches web console lines for record 'd0f28d1d-55dd-45f2-a008-53dd0fe6b34f', success rate: 1/1.
[2026-06-08 18:27:02Z INFO JobExtension] Inspecting process environment variables. PID: 26984 (cmd)
[2026-06-08 18:27:02Z INFO JobExtension] Inspecting process environment variables. PID: 14708 (conhost)
[2026-06-08 18:27:02Z INFO JobExtension] Inspecting process environment variables. PID: 9608 (node)
[2026-06-08 18:27:02Z INFO JobExtension] Wait for all connectivity checks to finish.
[2026-06-08 18:27:02Z INFO JobExtension] Connectivity check result: GitHub.Runner.Worker.JobExtension+CheckResult
[2026-06-08 18:27:02Z INFO JobExtension] Connectivity check result: GitHub.Runner.Worker.JobExtension+CheckResult
[2026-06-08 18:27:02Z INFO JobExtension] Connectivity check result: GitHub.Runner.Worker.JobExtension+CheckResult
[2026-06-08 18:27:02Z INFO ExecutionContext] Publish step telemetry for current step {
  "action": "complete_job",
  "type": "runner",
  "stage": "Post",
  "stepId": "d0f28d1d-55dd-45f2-a008-53dd0fe6b34f",
  "result": "succeeded",
  "errorMessages": [
    "Node.js 20 actions are deprecated. The following actions are running on Node.js 20 and may not work as expected: actions/checkout@v4. Actions will be forced to run with Node.js 24 by default starting June 16th, 2026. Node.js 20 will be removed from the run"
  ],
  "executionTimeInSeconds": 1,
  "startTime": "2026-06-08T18:27:02.2635484Z",
  "finishTime": "2026-06-08T18:27:02.3101756Z"
}.
[2026-06-08 18:27:02Z INFO JobRunner] Job result after all job steps finish: Failed
[2026-06-08 18:27:02Z INFO JobRunner] Completing the job execution context.
[2026-06-08 18:27:02Z INFO JobServerQueue] Try to upload 2 log files or attachments, success rate: 2/2.
[2026-06-08 18:27:02Z INFO JobRunner] Shutting down the job server queue.
[2026-06-08 18:27:02Z INFO JobServerQueue] Fire signal to shutdown all queues.
[2026-06-08 18:27:03Z INFO JobServerQueue] All queue process task stopped.
[2026-06-08 18:27:03Z INFO JobServerQueue] Try to append 1 batches web console lines for record 'd0f28d1d-55dd-45f2-a008-53dd0fe6b34f', success rate: 1/1.
[2026-06-08 18:27:03Z INFO JobServerQueue] Web console line queue drained.
[2026-06-08 18:27:03Z INFO JobServerQueue] Uploading 1 files in one shot.
[2026-06-08 18:27:03Z INFO JobServerQueue] Try to upload 1 log files or attachments, success rate: 1/1.
[2026-06-08 18:27:03Z INFO JobServerQueue] File upload queue drained.
[2026-06-08 18:27:03Z INFO JobServerQueue] Starting results-based upload queue...
[2026-06-08 18:27:03Z INFO JobServerQueue] Uploading 3 file(s) in one shot through results service.
[2026-06-08 18:27:03Z INFO JobServerQueue] Got a step log file to send to results service.
[2026-06-08 18:27:03Z INFO JobServerQueue] Starting upload of step log file to results service ResultsLog, C:\Users\mrbob\Desktop\devsopserver\actions-runner\_diag\blocks\ec2974fb-fb62-4c2e-b881-437f6aa42883_05b6abb6-5d4f-4b51-9098-390f909549ce.1
[2026-06-08 18:27:04Z INFO JobServerQueue] Got a step log file to send to results service.
[2026-06-08 18:27:04Z INFO JobServerQueue] Starting upload of step log file to results service ResultsLog, C:\Users\mrbob\Desktop\devsopserver\actions-runner\_diag\blocks\ec2974fb-fb62-4c2e-b881-437f6aa42883_d0f28d1d-55dd-45f2-a008-53dd0fe6b34f.1
[2026-06-08 18:27:04Z INFO JobServerQueue] Got a job log file to send to results service.
[2026-06-08 18:27:04Z INFO JobServerQueue] Starting upload of job log file to results service ResultsLog, C:\Users\mrbob\Desktop\devsopserver\actions-runner\_diag\blocks\ec2974fb-fb62-4c2e-b881-437f6aa42883_8dc179d9-b025-56e6-93b3-ff45d2c6c9bf.1
[2026-06-08 18:27:05Z INFO JobServerQueue] Tried to upload 3 file(s) to results, success rate: 3/3.
[2026-06-08 18:27:05Z INFO JobServerQueue] Results upload queue drained.
[2026-06-08 18:27:06Z INFO JobServerQueue] Timeline update queue drained.
[2026-06-08 18:27:06Z INFO JobServerQueue] Disposing job server ...
[2026-06-08 18:27:06Z INFO JobServerQueue] Disposing results server ...
[2026-06-08 18:27:06Z INFO JobServerQueue] All queue process tasks have been stopped, and all queues are drained.
[2026-06-08 18:27:06Z INFO TempDirectoryManager] Cleaning runner temp folder: C:\Users\mrbob\Desktop\devsopserver\actions-runner\_work\_temp
[2026-06-08 18:27:06Z INFO HostContext] Well known directory 'Bin': 'C:\Users\mrbob\Desktop\devsopserver\actions-runner\bin'
[2026-06-08 18:27:06Z INFO HostContext] Well known directory 'Root': 'C:\Users\mrbob\Desktop\devsopserver\actions-runner'
[2026-06-08 18:27:06Z INFO HostContext] Well known directory 'Diag': 'C:\Users\mrbob\Desktop\devsopserver\actions-runner\_diag'
[2026-06-08 18:27:06Z INFO HostContext] Well known config file 'Telemetry': 'C:\Users\mrbob\Desktop\devsopserver\actions-runner\_diag\.telemetry'
[2026-06-08 18:27:06Z INFO JobRunner] Raising job completed against run service
[2026-06-08 18:27:06Z INFO Worker] Job completed.
