[2026-06-08 16:13:31Z INFO HostContext] No proxy settings were found based on environmental variables (http_proxy/https_proxy/HTTP_PROXY/HTTPS_PROXY)
[2026-06-08 16:13:31Z INFO HostContext] Well known directory 'Bin': 'C:\Users\mrbob\Desktop\devsopserver\actions-runner\bin'
[2026-06-08 16:13:31Z INFO HostContext] Well known directory 'Root': 'C:\Users\mrbob\Desktop\devsopserver\actions-runner'
[2026-06-08 16:13:31Z INFO HostContext] Well known config file 'Credentials': 'C:\Users\mrbob\Desktop\devsopserver\actions-runner\.credentials'
[2026-06-08 16:13:31Z INFO HostContext] Well known directory 'Bin': 'C:\Users\mrbob\Desktop\devsopserver\actions-runner\bin'
[2026-06-08 16:13:31Z INFO HostContext] Well known directory 'Root': 'C:\Users\mrbob\Desktop\devsopserver\actions-runner'
[2026-06-08 16:13:31Z INFO HostContext] Well known config file 'Runner': 'C:\Users\mrbob\Desktop\devsopserver\actions-runner\.runner'
[2026-06-08 16:13:31Z INFO Worker] Version: 2.334.0
[2026-06-08 16:13:31Z INFO Worker] Commit: f1995ede5d885c997d13d8eca5467c4ce97fe69c
[2026-06-08 16:13:31Z INFO Worker] Culture: en-US
[2026-06-08 16:13:31Z INFO Worker] UI Culture: en-US
[2026-06-08 16:13:31Z INFO Worker] Waiting to receive the job message from the channel.
[2026-06-08 16:13:31Z INFO ProcessChannel] Receiving message of length 22857, with hash '406136582c72f389ced9cb4693ed092d50db3c315275431acecfd93d4dacb7cb'
[2026-06-08 16:13:31Z INFO Worker] Message received.
[2026-06-08 16:13:31Z INFO Worker] Job message:
 {
  "fileTable": [
    ".github/workflows/deploy.yml"
  ],
  "mask": [
    {
      "type": "regex",
      "value": "***"
    },
    {
      "type": "regex",
      "value": "***"
    },
    {
      "type": "regex",
      "value": "***"
    },
    {
      "type": "regex",
      "value": "***"
    },
    {
      "type": "regex",
      "value": "***"
    },
    {
      "type": "regex",
      "value": "***"
    },
    {
      "type": "regex",
      "value": "***"
    },
    {
      "type": "regex",
      "value": "***"
    },
    {
      "type": "regex",
      "value": "***"
    },
    {
      "type": "regex",
      "value": "***"
    },
    {
      "type": "regex",
      "value": "***"
    },
    {
      "type": "regex",
      "value": "***"
    },
    {
      "type": "regex",
      "value": "***"
    },
    {
      "type": "regex",
      "value": "***"
    },
    {
      "type": "regex",
      "value": "***"
    },
    {
      "type": "regex",
      "value": "***"
    },
    {
      "type": "regex",
      "value": "***"
    },
    {
      "type": "regex",
      "value": "***"
    },
    {
      "type": "regex",
      "value": "***"
    },
    {
      "type": "regex",
      "value": "***"
    },
    {
      "type": "regex",
      "value": "***"
    },
    {
      "type": "regex",
      "value": "***"
    },
    {
      "type": "regex",
      "value": "***"
    },
    {
      "type": "regex",
      "value": "***"
    }
  ],
  "steps": [
    {
      "type": "action",
      "reference": {
        "type": "repository",
        "name": "actions/checkout",
        "ref": "v4",
        "repositoryType": "GitHub"
      },
      "displayNameToken": {
        "type": 0,
        "file": 1,
        "line": 14,
        "col": 15,
        "lit": "Checkout Code"
      },
      "contextName": "__actions_checkout",
      "condition": "success()",
      "id": "ae4a47a3-7dd3-45e8-afa8-c4b6d318222a",
      "name": "__actions_checkout"
    },
    {
      "type": "action",
      "reference": {
        "type": "script"
      },
      "displayNameToken": {
        "type": 0,
        "file": 1,
        "line": 18,
        "col": 15,
        "lit": "Build Docker Image"
      },
      "contextName": "__run",
      "inputs": {
        "type": 2,
        "map": [
          {
            "key": "script",
            "value": {
              "type": 0,
              "file": 1,
              "line": 19,
              "col": 14,
              "lit": "docker build -t my-nginx-app:latest ."
            }
          }
        ]
      },
      "condition": "success()",
      "id": "7f1647c4-c6da-4509-b29f-7cec0bebb1b4",
      "name": "__run"
    },
    {
      "type": "action",
      "reference": {
        "type": "script"
      },
      "displayNameToken": {
        "type": 0,
        "file": 1,
        "line": 22,
        "col": 15,
        "lit": "Cleanup Old Container"
      },
      "contextName": "__run_2",
      "inputs": {
        "type": 2,
        "map": [
          {
            "key": "script",
            "value": {
              "type": 0,
              "file": 1,
              "line": 23,
              "col": 14,
              "lit": "docker stop my-nginx-container || true\ndocker rm my-nginx-container || true\n"
            }
          }
        ]
      },
      "condition": "success()",
      "id": "63317849-d79e-417f-bae5-e20fd9b29883",
      "name": "__run_2"
    },
    {
      "type": "action",
      "reference": {
        "type": "script"
      },
      "displayNameToken": {
        "type": 0,
        "file": 1,
        "line": 29,
        "col": 15,
        "lit": "Run New Container"
      },
      "contextName": "__run_3",
      "inputs": {
        "type": 2,
        "map": [
          {
            "key": "script",
            "value": {
              "type": 0,
              "file": 1,
              "line": 30,
              "col": 14,
              "lit": "docker run -d -p 8080:80 --name my-nginx-container my-nginx-app:latestCopied!"
            }
          }
        ]
      },
      "condition": "success()",
      "id": "1ce3a56e-35b5-4570-bf55-8b15cb22951d",
      "name": "__run_3"
    }
  ],
  "variables": {
    "Actions.EnableHttpRedirects": {
      "value": "true"
    },
    "DistributedTask.AddWarningToNode12Action": {
      "value": "true"
    },
    "DistributedTask.AddWarningToNode16Action": {
      "value": "true"
    },
    "DistributedTask.AllowRunnerContainerHooks": {
      "value": "true"
    },
    "DistributedTask.DeprecateStepOutputCommands": {
      "value": "true"
    },
    "DistributedTask.DetailUntarFailure": {
      "value": "true"
    },
    "DistributedTask.EnableCompositeActions": {
      "value": "true"
    },
    "DistributedTask.EnableJobServerQueueTelemetry": {
      "value": "true"
    },
    "DistributedTask.EnhancedAnnotations": {
      "value": "true"
    },
    "DistributedTask.ForceGithubJavascriptActionsToNode16": {
      "value": "true"
    },
    "DistributedTask.ForceGithubJavascriptActionsToNode20": {
      "value": "true"
    },
    "DistributedTask.LogTemplateErrorsAsDebugMessages": {
      "value": "true"
    },
    "DistributedTask.MarkJobAsFailedOnWorkerCrash": {
      "value": "true"
    },
    "DistributedTask.NewActionMetadata": {
      "value": "true"
    },
    "DistributedTask.UploadStepSummary": {
      "value": "true"
    },
    "DistributedTask.UseActionArchiveCache": {
      "value": "true"
    },
    "DistributedTask.UseWhich2": {
      "value": "true"
    },
    "RunService.FixEmbeddedIssues": {
      "value": "true"
    },
    "actions.runner.requirenode24": {
      "value": "false"
    },
    "actions.runner.usenode24bydefault": {
      "value": "false"
    },
    "actions.runner.warnonnode20": {
      "value": "true"
    },
    "actions_add_check_run_id_to_job_context": {
      "value": "true"
    },
    "actions_batch_action_resolution": {
      "value": "false"
    },
    "actions_container_action_runner_temp": {
      "value": "true"
    },
    "actions_display_helpful_actions_download_errors": {
      "value": "true"
    },
    "actions_runner_compare_workflow_parser": {
      "value": "false"
    },
    "actions_runner_deprecate_linux_arm32": {
      "value": "false"
    },
    "actions_runner_emit_composite_markers": {
      "value": "false"
    },
    "actions_runner_kill_linux_arm32": {
      "value": "false"
    },
    "actions_runner_node20_removal_date": {
      "value": ""
    },
    "actions_runner_node24_default_date": {
      "value": "June 16th, 2026"
    },
    "actions_service_container_command": {
      "value": "true"
    },
    "actions_set_orchestration_id_env_for_actions": {
      "value": "true"
    },
    "actions_skip_retry_complete_job_upon_known_errors": {
      "value": "true"
    },
    "actions_snapshot_preflight_hosted_runner_check": {
      "value": "false"
    },
    "actions_snapshot_preflight_image_gen_pool_check": {
      "value": "false"
    },
    "actions_use_bearer_token_for_codeload": {
      "value": "false"
    },
    "actions_uses_cache_service_v2": {
      "value": "true"
    },
    "github_token": {
      "value": "***",
      "isSecret": true
    },
    "system.from_run_service": {
      "value": "true"
    },
    "system.github.job": {
      "value": "build-and-deploy-local"
    },
    "system.github.launch_endpoint": {
      "value": "https://launch.actions.githubusercontent.com"
    },
    "system.github.results_endpoint": {
      "value": "https://results-receiver.actions.githubusercontent.com/"
    },
    "system.github.results_upload_with_sdk": {
      "value": "true"
    },
    "system.github.token": {
      "value": "***",
      "isSecret": true
    },
    "system.github.token.permissions": {
      "value": "{\"Contents\":\"read\",\"Metadata\":\"read\",\"Packages\":\"read\"}"
    },
    "system.orchestrationId": {
      "value": "e60771bb-87bf-4121-af73-81fa25a42a06.build-and-deploy-local.__default"
    },
    "system.phaseDisplayName": {
      "value": "build-and-deploy-local"
    },
    "system.runner.lowdiskspacethreshold": {
      "value": "100"
    },
    "system.runnerEnvironment": {
      "value": "self-hosted"
    },
    "system.runnerGroupName": {
      "value": "Default"
    }
  },
  "messageType": "RunnerJobRequest",
  "plan": {
    "scopeIdentifier": "00000000-0000-0000-0000-000000000000",
    "planType": "actions",
    "version": 0,
    "planId": "e60771bb-87bf-4121-af73-81fa25a42a06",
    "planGroup": null,
    "artifactUri": null,
    "artifactLocation": null,
    "definition": null,
    "owner": null
  },
  "timeline": {
    "id": "e60771bb-87bf-4121-af73-81fa25a42a06",
    "changeId": 0,
    "location": null
  },
  "jobId": "b03823ef-e5c8-5ea7-af8a-fa0d4a0d205e",
  "jobDisplayName": "build-and-deploy-local",
  "jobName": "__default",
  "requestId": 0,
  "lockedUntil": "0001-01-01T00:00:00",
  "resources": {
    "endpoints": [
      {
        "data": {
          "ServerId": "",
          "ServerName": "",
          "CacheServerUrl": "https://artifactcache.actions.githubusercontent.com/JTxBlMAHgkCOhzmlO7NaY3TsafxQWoWVuPwCgirzNHnvvyywn2/",
          "FeedStreamUrl": "wss://results-receiver.actions.githubusercontent.com/_ws/ingest.sock",
          "ResultsServiceUrl": "https://results-receiver.actions.githubusercontent.com/",
          "PipelinesServiceUrl": "https://pipelinesghubeus25.actions.githubusercontent.com/JTxBlMAHgkCOhzmlO7NaY3TsafxQWoWVuPwCgirzNHnvvyywn2/",
          "GenerateIdTokenUrl": "",
          "ConnectivityChecks": "[\"https://broker.actions.githubusercontent.com/health\",\"https://token.actions.githubusercontent.com/ready\",\"https://run.actions.githubusercontent.com/health\"]"
        },
        "name": "SystemVssConnection",
        "url": "https://run-actions-2-azure-eastus.actions.githubusercontent.com/116/",
        "authorization": {
          "parameters": {
            "AccessToken": "***"
          },
          "scheme": "OAuth"
        },
        "isShared": false,
        "isReady": true
      }
    ]
  },
  "contextData": {
    "github": {
      "t": 2,
      "d": [
        {
          "k": "ref",
          "v": "refs/heads/main"
        },
        {
          "k": "sha",
          "v": "cc96c6864d8258504485d3c56c593d54b21f1bb4"
        },
        {
          "k": "repository",
          "v": "oeunchhinh-ux/devopsserver"
        },
        {
          "k": "repository_owner",
          "v": "oeunchhinh-ux"
        },
        {
          "k": "repository_owner_id",
          "v": "255172684"
        },
        {
          "k": "repositoryUrl",
          "v": "git://github.com/oeunchhinh-ux/devopsserver.git"
        },
        {
          "k": "run_id",
          "v": "27151028495"
        },
        {
          "k": "run_number",
          "v": "4"
        },
        {
          "k": "retention_days",
          "v": "90"
        },
        {
          "k": "run_attempt",
          "v": "1"
        },
        {
          "k": "artifact_cache_size_limit",
          "v": "10"
        },
        {
          "k": "repository_visibility",
          "v": "public"
        },
        {
          "k": "actor_id",
          "v": "255172684"
        },
        {
          "k": "actor",
          "v": "oeunchhinh-ux"
        },
        {
          "k": "workflow",
          "v": "Local Docker Deploy"
        },
        {
          "k": "head_ref",
          "v": ""
        },
        {
          "k": "base_ref",
          "v": ""
        },
        {
          "k": "event_name",
          "v": "push"
        },
        {
          "k": "server_url",
          "v": "https://github.com"
        },
        {
          "k": "api_url",
          "v": "https://api.github.com"
        },
        {
          "k": "graphql_url",
          "v": "https://api.github.com/graphql"
        },
        {
          "k": "ref_name",
          "v": "main"
        },
        {
          "k": "ref_protected",
          "v": false
        },
        {
          "k": "ref_type",
          "v": "branch"
        },
        {
          "k": "secret_source",
          "v": "Actions"
        },
        {
          "k": "event",
          "v": {
            "t": 2,
            "d": [
              {
                "k": "after",
                "v": "cc96c6864d8258504485d3c56c593d54b21f1bb4"
              },
              {
                "k": "base_ref",
                "v": null
              },
              {
                "k": "before",
                "v": "67de95ba745eadfbabaa5776bf2f60f1b66bb094"
              },
              {
                "k": "commits",
                "v": {
                  "t": 1,
                  "a": [
                    {
                      "t": 2,
                      "d": [
                        {
                          "k": "author",
                          "v": {
                            "t": 2,
                            "d": [
                              {
                                "k": "email",
                                "v": "mrbob101signal@gmail.com"
                              },
                              {
                                "k": "name",
                                "v": "Chhinh"
                              },
                              {
                                "k": "username",
                                "v": "mrbob101signal-bit"
                              }
                            ]
                          }
                        },
                        {
                          "k": "committer",
                          "v": {
                            "t": 2,
                            "d": [
                              {
                                "k": "email",
                                "v": "mrbob101signal@gmail.com"
                              },
                              {
                                "k": "name",
                                "v": "Chhinh"
                              },
                              {
                                "k": "username",
                                "v": "mrbob101signal-bit"
                              }
                            ]
                          }
                        },
                        {
                          "k": "distinct",
                          "v": true
                        },
                        {
                          "k": "id",
                          "v": "cc96c6864d8258504485d3c56c593d54b21f1bb4"
                        },
                        {
                          "k": "message",
                          "v": "test local deploy"
                        },
                        {
                          "k": "timestamp",
                          "v": "2026-06-08T23:06:45+07:00"
                        },
                        {
                          "k": "tree_id",
                          "v": "d3a5cbc59e66e2821cade36c9111fc76ae0ad25a"
                        },
                        {
                          "k": "url",
                          "v": "https://github.com/oeunchhinh-ux/devopsserver/commit/cc96c6864d8258504485d3c56c593d54b21f1bb4"
                        }
                      ]
                    }
                  ]
                }
              },
              {
                "k": "compare",
                "v": "https://github.com/oeunchhinh-ux/devopsserver/compare/67de95ba745e...cc96c6864d82"
              },
              {
                "k": "created",
                "v": false
              },
              {
                "k": "deleted",
                "v": false
              },
              {
                "k": "forced",
                "v": false
              },
              {
                "k": "head_commit",
                "v": {
                  "t": 2,
                  "d": [
                    {
                      "k": "author",
                      "v": {
                        "t": 2,
                        "d": [
                          {
                            "k": "email",
                            "v": "mrbob101signal@gmail.com"
                          },
                          {
                            "k": "name",
                            "v": "Chhinh"
                          },
                          {
                            "k": "username",
                            "v": "mrbob101signal-bit"
                          }
                        ]
                      }
                    },
                    {
                      "k": "committer",
                      "v": {
                        "t": 2,
                        "d": [
                          {
                            "k": "email",
                            "v": "mrbob101signal@gmail.com"
                          },
                          {
                            "k": "name",
                            "v": "Chhinh"
                          },
                          {
                            "k": "username",
                            "v": "mrbob101signal-bit"
                          }
                        ]
                      }
                    },
                    {
                      "k": "distinct",
                      "v": true
                    },
                    {
                      "k": "id",
                      "v": "cc96c6864d8258504485d3c56c593d54b21f1bb4"
                    },
                    {
                      "k": "message",
                      "v": "test local deploy"
                    },
                    {
                      "k": "timestamp",
                      "v": "2026-06-08T23:06:45+07:00"
                    },
                    {
                      "k": "tree_id",
                      "v": "d3a5cbc59e66e2821cade36c9111fc76ae0ad25a"
                    },
                    {
                      "k": "url",
                      "v": "https://github.com/oeunchhinh-ux/devopsserver/commit/cc96c6864d8258504485d3c56c593d54b21f1bb4"
                    }
                  ]
                }
              },
              {
                "k": "pusher",
                "v": {
                  "t": 2,
                  "d": [
                    {
                      "k": "email",
                      "v": "oeunchhinh@gmail.com"
                    },
                    {
                      "k": "name",
                      "v": "oeunchhinh-ux"
                    }
                  ]
                }
              },
              {
                "k": "ref",
                "v": "refs/heads/main"
              },
              {
                "k": "repository",
                "v": {
                  "t": 2,
                  "d": [
                    {
                      "k": "allow_forking",
                      "v": true
                    },
                    {
                      "k": "archive_url",
                      "v": "https://api.github.com/repos/oeunchhinh-ux/devopsserver/{archive_format}{/ref}"
                    },
                    {
                      "k": "archived",
                      "v": false
                    },
                    {
                      "k": "assignees_url",
                      "v": "https://api.github.com/repos/oeunchhinh-ux/devopsserver/assignees{/user}"
                    },
                    {
                      "k": "blobs_url",
                      "v": "https://api.github.com/repos/oeunchhinh-ux/devopsserver/git/blobs{/sha}"
                    },
                    {
                      "k": "branches_url",
                      "v": "https://api.github.com/repos/oeunchhinh-ux/devopsserver/branches{/branch}"
                    },
                    {
                      "k": "clone_url",
                      "v": "https://github.com/oeunchhinh-ux/devopsserver.git"
                    },
                    {
                      "k": "collaborators_url",
                      "v": "https://api.github.com/repos/oeunchhinh-ux/devopsserver/collaborators{/collaborator}"
                    },
                    {
                      "k": "comments_url",
                      "v": "https://api.github.com/repos/oeunchhinh-ux/devopsserver/comments{/number}"
                    },
                    {
                      "k": "commits_url",
                      "v": "https://api.github.com/repos/oeunchhinh-ux/devopsserver/commits{/sha}"
                    },
                    {
                      "k": "compare_url",
                      "v": "https://api.github.com/repos/oeunchhinh-ux/devopsserver/compare/{base}...{head}"
                    },
                    {
                      "k": "contents_url",
                      "v": "https://api.github.com/repos/oeunchhinh-ux/devopsserver/contents/{+path}"
                    },
                    {
                      "k": "contributors_url",
                      "v": "https://api.github.com/repos/oeunchhinh-ux/devopsserver/contributors"
                    },
                    {
                      "k": "created_at",
                      "v": 1780921996.0
                    },
                    {
                      "k": "default_branch",
                      "v": "main"
                    },
                    {
                      "k": "deployments_url",
                      "v": "https://api.github.com/repos/oeunchhinh-ux/devopsserver/deployments"
                    },
                    {
                      "k": "description",
                      "v": null
                    },
                    {
                      "k": "disabled",
                      "v": false
                    },
                    {
                      "k": "downloads_url",
                      "v": "https://api.github.com/repos/oeunchhinh-ux/devopsserver/downloads"
                    },
                    {
                      "k": "events_url",
                      "v": "https://api.github.com/repos/oeunchhinh-ux/devopsserver/events"
                    },
                    {
                      "k": "fork",
                      "v": false
                    },
                    {
                      "k": "forks",
                      "v": 0.0
                    },
                    {
                      "k": "forks_count",
                      "v": 0.0
                    },
                    {
                      "k": "forks_url",
                      "v": "https://api.github.com/repos/oeunchhinh-ux/devopsserver/forks"
                    },
                    {
                      "k": "full_name",
                      "v": "oeunchhinh-ux/devopsserver"
                    },
                    {
                      "k": "git_commits_url",
                      "v": "https://api.github.com/repos/oeunchhinh-ux/devopsserver/git/commits{/sha}"
                    },
                    {
                      "k": "git_refs_url",
                      "v": "https://api.github.com/repos/oeunchhinh-ux/devopsserver/git/refs{/sha}"
                    },
                    {
                      "k": "git_tags_url",
                      "v": "https://api.github.com/repos/oeunchhinh-ux/devopsserver/git/tags{/sha}"
                    },
                    {
                      "k": "git_url",
                      "v": "git://github.com/oeunchhinh-ux/devopsserver.git"
                    },
                    {
                      "k": "has_discussions",
                      "v": false
                    },
                    {
                      "k": "has_downloads",
                      "v": true
                    },
                    {
                      "k": "has_issues",
                      "v": true
                    },
                    {
                      "k": "has_pages",
                      "v": false
                    },
                    {
                      "k": "has_projects",
                      "v": true
                    },
                    {
                      "k": "has_pull_requests",
                      "v": true
                    },
                    {
                      "k": "has_wiki",
                      "v": true
                    },
                    {
                      "k": "homepage",
                      "v": null
                    },
                    {
                      "k": "hooks_url",
                      "v": "https://api.github.com/repos/oeunchhinh-ux/devopsserver/hooks"
                    },
                    {
                      "k": "html_url",
                      "v": "https://github.com/oeunchhinh-ux/devopsserver"
                    },
                    {
                      "k": "id",
                      "v": 1262900421.0
                    },
                    {
                      "k": "is_template",
                      "v": false
                    },
                    {
                      "k": "issue_comment_url",
                      "v": "https://api.github.com/repos/oeunchhinh-ux/devopsserver/issues/comments{/number}"
                    },
                    {
                      "k": "issue_events_url",
                      "v": "https://api.github.com/repos/oeunchhinh-ux/devopsserver/issues/events{/number}"
                    },
                    {
                      "k": "issues_url",
                      "v": "https://api.github.com/repos/oeunchhinh-ux/devopsserver/issues{/number}"
                    },
                    {
                      "k": "keys_url",
                      "v": "https://api.github.com/repos/oeunchhinh-ux/devopsserver/keys{/key_id}"
                    },
                    {
                      "k": "labels_url",
                      "v": "https://api.github.com/repos/oeunchhinh-ux/devopsserver/labels{/name}"
                    },
                    {
                      "k": "language",
                      "v": "JavaScript"
                    },
                    {
                      "k": "languages_url",
                      "v": "https://api.github.com/repos/oeunchhinh-ux/devopsserver/languages"
                    },
                    {
                      "k": "license",
                      "v": null
                    },
                    {
                      "k": "master_branch",
                      "v": "main"
                    },
                    {
                      "k": "merges_url",
                      "v": "https://api.github.com/repos/oeunchhinh-ux/devopsserver/merges"
                    },
                    {
                      "k": "milestones_url",
                      "v": "https://api.github.com/repos/oeunchhinh-ux/devopsserver/milestones{/number}"
                    },
                    {
                      "k": "mirror_url",
                      "v": null
                    },
                    {
                      "k": "name",
                      "v": "devopsserver"
                    },
                    {
                      "k": "node_id",
                      "v": "R_kgDOS0ZUxQ"
                    },
                    {
                      "k": "notifications_url",
                      "v": "https://api.github.com/repos/oeunchhinh-ux/devopsserver/notifications{?since,all,participating}"
                    },
                    {
                      "k": "open_issues",
                      "v": 0.0
                    },
                    {
                      "k": "open_issues_count",
                      "v": 0.0
                    },
                    {
                      "k": "owner",
                      "v": {
                        "t": 2,
                        "d": [
                          {
                            "k": "avatar_url",
                            "v": "https://avatars.githubusercontent.com/u/255172684?v=4"
                          },
                          {
                            "k": "email",
                            "v": "oeunchhinh@gmail.com"
                          },
                          {
                            "k": "events_url",
                            "v": "https://api.github.com/users/oeunchhinh-ux/events{/privacy}"
                          },
                          {
                            "k": "followers_url",
                            "v": "https://api.github.com/users/oeunchhinh-ux/followers"
                          },
                          {
                            "k": "following_url",
                            "v": "https://api.github.com/users/oeunchhinh-ux/following{/other_user}"
                          },
                          {
                            "k": "gists_url",
                            "v": "https://api.github.com/users/oeunchhinh-ux/gists{/gist_id}"
                          },
                          {
                            "k": "gravatar_id",
                            "v": ""
                          },
                          {
                            "k": "html_url",
                            "v": "https://github.com/oeunchhinh-ux"
                          },
                          {
                            "k": "id",
                            "v": 255172684.0
                          },
                          {
                            "k": "login",
                            "v": "oeunchhinh-ux"
                          },
                          {
                            "k": "name",
                            "v": "oeunchhinh-ux"
                          },
                          {
                            "k": "node_id",
                            "v": "U_kgDODzWgTA"
                          },
                          {
                            "k": "organizations_url",
                            "v": "https://api.github.com/users/oeunchhinh-ux/orgs"
                          },
                          {
                            "k": "received_events_url",
                            "v": "https://api.github.com/users/oeunchhinh-ux/received_events"
                          },
                          {
                            "k": "repos_url",
                            "v": "https://api.github.com/users/oeunchhinh-ux/repos"
                          },
                          {
                            "k": "site_admin",
                            "v": false
                          },
                          {
                            "k": "starred_url",
                            "v": "https://api.github.com/users/oeunchhinh-ux/starred{/owner}{/repo}"
                          },
                          {
                            "k": "subscriptions_url",
                            "v": "https://api.github.com/users/oeunchhinh-ux/subscriptions"
                          },
                          {
                            "k": "type",
                            "v": "User"
                          },
                          {
                            "k": "url",
                            "v": "https://api.github.com/users/oeunchhinh-ux"
                          },
                          {
                            "k": "user_view_type",
                            "v": "public"
                          }
                        ]
                      }
                    },
                    {
                      "k": "private",
                      "v": false
                    },
                    {
                      "k": "pull_request_creation_policy",
                      "v": "all"
                    },
                    {
                      "k": "pulls_url",
                      "v": "https://api.github.com/repos/oeunchhinh-ux/devopsserver/pulls{/number}"
                    },
                    {
                      "k": "pushed_at",
                      "v": 1780935199.0
                    },
                    {
                      "k": "releases_url",
                      "v": "https://api.github.com/repos/oeunchhinh-ux/devopsserver/releases{/id}"
                    },
                    {
                      "k": "size",
                      "v": 97.0
                    },
                    {
                      "k": "ssh_url",
                      "v": "git@github.com:oeunchhinh-ux/devopsserver.git"
                    },
                    {
                      "k": "stargazers",
                      "v": 0.0
                    },
                    {
                      "k": "stargazers_count",
                      "v": 0.0
                    },
                    {
                      "k": "stargazers_url",
                      "v": "https://api.github.com/repos/oeunchhinh-ux/devopsserver/stargazers"
                    },
                    {
                      "k": "statuses_url",
                      "v": "https://api.github.com/repos/oeunchhinh-ux/devopsserver/statuses/{sha}"
                    },
                    {
                      "k": "subscribers_url",
                      "v": "https://api.github.com/repos/oeunchhinh-ux/devopsserver/subscribers"
                    },
                    {
                      "k": "subscription_url",
                      "v": "https://api.github.com/repos/oeunchhinh-ux/devopsserver/subscription"
                    },
                    {
                      "k": "svn_url",
                      "v": "https://github.com/oeunchhinh-ux/devopsserver"
                    },
                    {
                      "k": "tags_url",
                      "v": "https://api.github.com/repos/oeunchhinh-ux/devopsserver/tags"
                    },
                    {
                      "k": "teams_url",
                      "v": "https://api.github.com/repos/oeunchhinh-ux/devopsserver/teams"
                    },
                    {
                      "k": "topics",
                      "v": {
                        "t": 1
                      }
                    },
                    {
                      "k": "trees_url",
                      "v": "https://api.github.com/repos/oeunchhinh-ux/devopsserver/git/trees{/sha}"
                    },
                    {
                      "k": "updated_at",
                      "v": "2026-06-08T15:21:21Z"
                    },
                    {
                      "k": "url",
                      "v": "https://api.github.com/repos/oeunchhinh-ux/devopsserver"
                    },
                    {
                      "k": "visibility",
                      "v": "public"
                    },
                    {
                      "k": "watchers",
                      "v": 0.0
                    },
                    {
                      "k": "watchers_count",
                      "v": 0.0
                    },
                    {
                      "k": "web_commit_signoff_required",
                      "v": false
                    }
                  ]
                }
              },
              {
                "k": "sender",
                "v": {
                  "t": 2,
                  "d": [
                    {
                      "k": "avatar_url",
                      "v": "https://avatars.githubusercontent.com/u/255172684?v=4"
                    },
                    {
                      "k": "events_url",
                      "v": "https://api.github.com/users/oeunchhinh-ux/events{/privacy}"
                    },
                    {
                      "k": "followers_url",
                      "v": "https://api.github.com/users/oeunchhinh-ux/followers"
                    },
                    {
                      "k": "following_url",
                      "v": "https://api.github.com/users/oeunchhinh-ux/following{/other_user}"
                    },
                    {
                      "k": "gists_url",
                      "v": "https://api.github.com/users/oeunchhinh-ux/gists{/gist_id}"
                    },
                    {
                      "k": "gravatar_id",
                      "v": ""
                    },
                    {
                      "k": "html_url",
                      "v": "https://github.com/oeunchhinh-ux"
                    },
                    {
                      "k": "id",
                      "v": 255172684.0
                    },
                    {
                      "k": "login",
                      "v": "oeunchhinh-ux"
                    },
                    {
                      "k": "node_id",
                      "v": "U_kgDODzWgTA"
                    },
                    {
                      "k": "organizations_url",
                      "v": "https://api.github.com/users/oeunchhinh-ux/orgs"
                    },
                    {
                      "k": "received_events_url",
                      "v": "https://api.github.com/users/oeunchhinh-ux/received_events"
                    },
                    {
                      "k": "repos_url",
                      "v": "https://api.github.com/users/oeunchhinh-ux/repos"
                    },
                    {
                      "k": "site_admin",
                      "v": false
                    },
                    {
                      "k": "starred_url",
                      "v": "https://api.github.com/users/oeunchhinh-ux/starred{/owner}{/repo}"
                    },
                    {
                      "k": "subscriptions_url",
                      "v": "https://api.github.com/users/oeunchhinh-ux/subscriptions"
                    },
                    {
                      "k": "type",
                      "v": "User"
                    },
                    {
                      "k": "url",
                      "v": "https://api.github.com/users/oeunchhinh-ux"
                    },
                    {
                      "k": "user_view_type",
                      "v": "public"
                    }
                  ]
                }
              }
            ]
          }
        },
        {
          "k": "workflow_ref",
          "v": "oeunchhinh-ux/devopsserver/.github/workflows/deploy.yml@refs/heads/main"
        },
        {
          "k": "workflow_sha",
          "v": "cc96c6864d8258504485d3c56c593d54b21f1bb4"
        },
        {
          "k": "repository_id",
          "v": "1262900421"
        },
        {
          "k": "triggering_actor",
          "v": "oeunchhinh-ux"
        }
      ]
    },
    "inputs": {
      "t": 2
    },
    "job": {
      "t": 2,
      "d": [
        {
          "k": "check_run_id",
          "v": 80141736562.0
        },
        {
          "k": "workflow_ref",
          "v": "oeunchhinh-ux/devopsserver/.github/workflows/deploy.yml@refs/heads/main"
        },
        {
          "k": "workflow_sha",
          "v": "cc96c6864d8258504485d3c56c593d54b21f1bb4"
        },
        {
          "k": "workflow_repository",
          "v": "oeunchhinh-ux/devopsserver"
        },
        {
          "k": "workflow_file_path",
          "v": ".github/workflows/deploy.yml"
        }
      ]
    },
    "matrix": null,
    "needs": {
      "t": 2
    },
    "strategy": {
      "t": 2,
      "d": [
        {
          "k": "fail-fast",
          "v": true
        },
        {
          "k": "job-index",
          "v": 0.0
        },
        {
          "k": "job-total",
          "v": 1.0
        },
        {
          "k": "max-parallel",
          "v": 1.0
        }
      ]
    },
    "vars": {
      "t": 2
    }
  },
  "billingOwnerId": "U_kgDODzWgTA"
}
[2026-06-08 16:13:31Z INFO JobRunner] Job ID b03823ef-e5c8-5ea7-af8a-fa0d4a0d205e
[2026-06-08 16:13:31Z INFO ConfigurationStore] currentAssemblyLocation: C:\Users\mrbob\Desktop\devsopserver\actions-runner\bin\Runner.Worker.dll
[2026-06-08 16:13:31Z INFO HostContext] Well known directory 'Bin': 'C:\Users\mrbob\Desktop\devsopserver\actions-runner\bin'
[2026-06-08 16:13:31Z INFO ConfigurationStore] binPath: C:\Users\mrbob\Desktop\devsopserver\actions-runner\bin
[2026-06-08 16:13:31Z INFO HostContext] Well known directory 'Bin': 'C:\Users\mrbob\Desktop\devsopserver\actions-runner\bin'
[2026-06-08 16:13:31Z INFO HostContext] Well known directory 'Root': 'C:\Users\mrbob\Desktop\devsopserver\actions-runner'
[2026-06-08 16:13:31Z INFO ConfigurationStore] RootFolder: C:\Users\mrbob\Desktop\devsopserver\actions-runner
[2026-06-08 16:13:31Z INFO HostContext] Well known directory 'Bin': 'C:\Users\mrbob\Desktop\devsopserver\actions-runner\bin'
[2026-06-08 16:13:31Z INFO HostContext] Well known directory 'Root': 'C:\Users\mrbob\Desktop\devsopserver\actions-runner'
[2026-06-08 16:13:31Z INFO HostContext] Well known config file 'Runner': 'C:\Users\mrbob\Desktop\devsopserver\actions-runner\.runner'
[2026-06-08 16:13:31Z INFO ConfigurationStore] ConfigFilePath: C:\Users\mrbob\Desktop\devsopserver\actions-runner\.runner
[2026-06-08 16:13:31Z INFO HostContext] Well known directory 'Bin': 'C:\Users\mrbob\Desktop\devsopserver\actions-runner\bin'
[2026-06-08 16:13:31Z INFO HostContext] Well known directory 'Root': 'C:\Users\mrbob\Desktop\devsopserver\actions-runner'
[2026-06-08 16:13:31Z INFO HostContext] Well known config file 'MigratedRunner': 'C:\Users\mrbob\Desktop\devsopserver\actions-runner\.runner_migrated'
[2026-06-08 16:13:31Z INFO ConfigurationStore] MigratedConfigFilePath: C:\Users\mrbob\Desktop\devsopserver\actions-runner\.runner_migrated
[2026-06-08 16:13:31Z INFO HostContext] Well known directory 'Bin': 'C:\Users\mrbob\Desktop\devsopserver\actions-runner\bin'
[2026-06-08 16:13:31Z INFO HostContext] Well known directory 'Root': 'C:\Users\mrbob\Desktop\devsopserver\actions-runner'
[2026-06-08 16:13:31Z INFO HostContext] Well known config file 'Credentials': 'C:\Users\mrbob\Desktop\devsopserver\actions-runner\.credentials'
[2026-06-08 16:13:31Z INFO ConfigurationStore] CredFilePath: C:\Users\mrbob\Desktop\devsopserver\actions-runner\.credentials
[2026-06-08 16:13:31Z INFO HostContext] Well known directory 'Bin': 'C:\Users\mrbob\Desktop\devsopserver\actions-runner\bin'
[2026-06-08 16:13:31Z INFO HostContext] Well known directory 'Root': 'C:\Users\mrbob\Desktop\devsopserver\actions-runner'
[2026-06-08 16:13:31Z INFO HostContext] Well known config file 'MigratedCredentials': 'C:\Users\mrbob\Desktop\devsopserver\actions-runner\.credentials_migrated'
[2026-06-08 16:13:31Z INFO ConfigurationStore] MigratedCredFilePath: C:\Users\mrbob\Desktop\devsopserver\actions-runner\.credentials_migrated
[2026-06-08 16:13:31Z INFO HostContext] Well known directory 'Bin': 'C:\Users\mrbob\Desktop\devsopserver\actions-runner\bin'
[2026-06-08 16:13:31Z INFO HostContext] Well known directory 'Root': 'C:\Users\mrbob\Desktop\devsopserver\actions-runner'
[2026-06-08 16:13:31Z INFO HostContext] Well known config file 'Service': 'C:\Users\mrbob\Desktop\devsopserver\actions-runner\.service'
[2026-06-08 16:13:31Z INFO ConfigurationStore] ServiceConfigFilePath: C:\Users\mrbob\Desktop\devsopserver\actions-runner\.service
[2026-06-08 16:13:31Z INFO ConfigurationStore] Read setting file: 399 chars
[2026-06-08 16:13:31Z INFO JobRunner] Initializing launch client
[2026-06-08 16:13:31Z INFO JobServerQueue] Initializing results client
[2026-06-08 16:13:31Z INFO ResultServer] Creating websocket client ...wss://results-receiver.actions.githubusercontent.com/_ws/ingest.sock
[2026-06-08 16:13:31Z INFO ResultServer] Attempting to start websocket client with delay 00:00:00.
[2026-06-08 16:13:31Z INFO JobServerQueue] Start process web console line queue.
[2026-06-08 16:13:31Z INFO JobServerQueue] Start process file upload queue.
[2026-06-08 16:13:31Z INFO JobServerQueue] Start results file upload queue.
[2026-06-08 16:13:31Z INFO JobServerQueue] Starting results-based upload queue...
[2026-06-08 16:13:31Z INFO JobServerQueue] Start process timeline update queue.
[2026-06-08 16:13:31Z INFO ExecutionContext] Initializing Job context
[2026-06-08 16:13:31Z INFO ExecutionContext] Initialize GitHub context
[2026-06-08 16:13:31Z INFO ExecutionContext] Initialize Env context
[2026-06-08 16:13:31Z INFO HostContext] Well known directory 'Bin': 'C:\Users\mrbob\Desktop\devsopserver\actions-runner\bin'
[2026-06-08 16:13:31Z INFO HostContext] Well known directory 'Root': 'C:\Users\mrbob\Desktop\devsopserver\actions-runner'
[2026-06-08 16:13:31Z INFO HostContext] Well known directory 'Diag': 'C:\Users\mrbob\Desktop\devsopserver\actions-runner\_diag'
[2026-06-08 16:13:31Z INFO HostContext] Well known directory 'Bin': 'C:\Users\mrbob\Desktop\devsopserver\actions-runner\bin'
[2026-06-08 16:13:31Z INFO HostContext] Well known directory 'Root': 'C:\Users\mrbob\Desktop\devsopserver\actions-runner'
[2026-06-08 16:13:31Z INFO HostContext] Well known directory 'Diag': 'C:\Users\mrbob\Desktop\devsopserver\actions-runner\_diag'
[2026-06-08 16:13:31Z INFO JobRunner] Starting the job execution context.
[2026-06-08 16:13:31Z INFO HostContext] Well known directory 'Bin': 'C:\Users\mrbob\Desktop\devsopserver\actions-runner\bin'
[2026-06-08 16:13:31Z INFO HostContext] Well known directory 'Root': 'C:\Users\mrbob\Desktop\devsopserver\actions-runner'
[2026-06-08 16:13:31Z INFO HostContext] Well known directory 'Work': 'C:\Users\mrbob\Desktop\devsopserver\actions-runner\_work'
[2026-06-08 16:13:31Z INFO JobRunner] Validating directory permissions for: 'C:\Users\mrbob\Desktop\devsopserver\actions-runner\_work'
[2026-06-08 16:13:31Z INFO HostContext] Well known directory 'Bin': 'C:\Users\mrbob\Desktop\devsopserver\actions-runner\bin'
[2026-06-08 16:13:31Z INFO HostContext] Well known directory 'Root': 'C:\Users\mrbob\Desktop\devsopserver\actions-runner'
[2026-06-08 16:13:31Z INFO HostContext] Well known directory 'Work': 'C:\Users\mrbob\Desktop\devsopserver\actions-runner\_work'
[2026-06-08 16:13:31Z INFO HostContext] Well known directory 'Tools': 'C:\Users\mrbob\Desktop\devsopserver\actions-runner\_work\_tool'
[2026-06-08 16:13:31Z INFO HostContext] Well known directory 'Bin': 'C:\Users\mrbob\Desktop\devsopserver\actions-runner\bin'
[2026-06-08 16:13:31Z INFO HostContext] Well known directory 'Root': 'C:\Users\mrbob\Desktop\devsopserver\actions-runner'
[2026-06-08 16:13:31Z INFO HostContext] Well known directory 'Work': 'C:\Users\mrbob\Desktop\devsopserver\actions-runner\_work'
[2026-06-08 16:13:31Z INFO HostContext] Well known directory 'Temp': 'C:\Users\mrbob\Desktop\devsopserver\actions-runner\_work\_temp'
[2026-06-08 16:13:31Z INFO JobRunner] Getting job extension.
[2026-06-08 16:13:31Z INFO JobRunner] Initialize job. Getting all job steps.
[2026-06-08 16:13:31Z INFO HostContext] Well known directory 'Bin': 'C:\Users\mrbob\Desktop\devsopserver\actions-runner\bin'
[2026-06-08 16:13:31Z INFO HostContext] Well known directory 'Root': 'C:\Users\mrbob\Desktop\devsopserver\actions-runner'
[2026-06-08 16:13:31Z INFO HostContext] Well known directory 'Diag': 'C:\Users\mrbob\Desktop\devsopserver\actions-runner\_diag'
[2026-06-08 16:13:31Z INFO HostContext] Well known directory 'Bin': 'C:\Users\mrbob\Desktop\devsopserver\actions-runner\bin'
[2026-06-08 16:13:31Z INFO HostContext] Well known directory 'Root': 'C:\Users\mrbob\Desktop\devsopserver\actions-runner'
[2026-06-08 16:13:31Z INFO HostContext] Well known directory 'Diag': 'C:\Users\mrbob\Desktop\devsopserver\actions-runner\_diag'
[2026-06-08 16:13:31Z INFO HostContext] Well known directory 'Bin': 'C:\Users\mrbob\Desktop\devsopserver\actions-runner\bin'
[2026-06-08 16:13:31Z INFO HostContext] Well known directory 'Root': 'C:\Users\mrbob\Desktop\devsopserver\actions-runner'
[2026-06-08 16:13:31Z INFO HostContext] Well known config file 'Credentials': 'C:\Users\mrbob\Desktop\devsopserver\actions-runner\.credentials'
[2026-06-08 16:13:31Z INFO HostContext] Well known directory 'Bin': 'C:\Users\mrbob\Desktop\devsopserver\actions-runner\bin'
[2026-06-08 16:13:31Z INFO HostContext] Well known directory 'Root': 'C:\Users\mrbob\Desktop\devsopserver\actions-runner'
[2026-06-08 16:13:31Z INFO HostContext] Well known config file 'SetupInfo': 'C:\Users\mrbob\Desktop\devsopserver\actions-runner\.setup_info'
[2026-06-08 16:13:31Z INFO HostContext] Well known directory 'Bin': 'C:\Users\mrbob\Desktop\devsopserver\actions-runner\bin'
[2026-06-08 16:13:31Z INFO HostContext] Well known directory 'Root': 'C:\Users\mrbob\Desktop\devsopserver\actions-runner'
[2026-06-08 16:13:31Z INFO HostContext] Well known directory 'Work': 'C:\Users\mrbob\Desktop\devsopserver\actions-runner\_work'
[2026-06-08 16:13:31Z INFO PipelineDirectoryManager] Loading tracking config if exists: C:\Users\mrbob\Desktop\devsopserver\actions-runner\_work\_PipelineMapping\oeunchhinh-ux/devopsserver\PipelineFolder.json
[2026-06-08 16:13:31Z INFO PipelineDirectoryManager] Creating a new tracking config file.
[2026-06-08 16:13:31Z INFO HostContext] Well known directory 'Bin': 'C:\Users\mrbob\Desktop\devsopserver\actions-runner\bin'
[2026-06-08 16:13:31Z INFO HostContext] Well known directory 'Root': 'C:\Users\mrbob\Desktop\devsopserver\actions-runner'
[2026-06-08 16:13:31Z INFO HostContext] Well known directory 'Work': 'C:\Users\mrbob\Desktop\devsopserver\actions-runner\_work'
[2026-06-08 16:13:31Z INFO PipelineDirectoryManager] Creating pipeline directory.
[2026-06-08 16:13:31Z INFO HostContext] Well known directory 'Bin': 'C:\Users\mrbob\Desktop\devsopserver\actions-runner\bin'
[2026-06-08 16:13:31Z INFO HostContext] Well known directory 'Root': 'C:\Users\mrbob\Desktop\devsopserver\actions-runner'
[2026-06-08 16:13:31Z INFO HostContext] Well known directory 'Work': 'C:\Users\mrbob\Desktop\devsopserver\actions-runner\_work'
[2026-06-08 16:13:31Z INFO PipelineDirectoryManager] Creating workspace directory.
[2026-06-08 16:13:31Z INFO HostContext] Well known directory 'Bin': 'C:\Users\mrbob\Desktop\devsopserver\actions-runner\bin'
[2026-06-08 16:13:31Z INFO HostContext] Well known directory 'Root': 'C:\Users\mrbob\Desktop\devsopserver\actions-runner'
[2026-06-08 16:13:31Z INFO HostContext] Well known directory 'Work': 'C:\Users\mrbob\Desktop\devsopserver\actions-runner\_work'
[2026-06-08 16:13:31Z INFO JobExtension] Downloading actions
[2026-06-08 16:13:31Z INFO HostContext] Well known directory 'Bin': 'C:\Users\mrbob\Desktop\devsopserver\actions-runner\bin'
[2026-06-08 16:13:31Z INFO HostContext] Well known directory 'Root': 'C:\Users\mrbob\Desktop\devsopserver\actions-runner'
[2026-06-08 16:13:31Z INFO HostContext] Well known directory 'Work': 'C:\Users\mrbob\Desktop\devsopserver\actions-runner\_work'
[2026-06-08 16:13:31Z INFO HostContext] Well known directory 'Actions': 'C:\Users\mrbob\Desktop\devsopserver\actions-runner\_work\_actions'
[2026-06-08 16:13:31Z INFO Worker] Listening for cancel message from the channel.
[2026-06-08 16:13:31Z INFO Worker] Waiting for the job to complete or for a cancel message from the channel.
[2026-06-08 16:13:32Z INFO ResultServer] Successfully started websocket client.
[2026-06-08 16:13:32Z INFO JobServerQueue] Try to append 1 batches web console lines for record '95020faa-562e-42fb-87c8-0f470c3a8bae', success rate: 1/1.
[2026-06-08 16:13:32Z INFO HostContext] Well known directory 'Bin': 'C:\Users\mrbob\Desktop\devsopserver\actions-runner\bin'
[2026-06-08 16:13:32Z INFO HostContext] Well known directory 'Root': 'C:\Users\mrbob\Desktop\devsopserver\actions-runner'
[2026-06-08 16:13:32Z INFO HostContext] Well known directory 'Work': 'C:\Users\mrbob\Desktop\devsopserver\actions-runner\_work'
[2026-06-08 16:13:32Z INFO HostContext] Well known directory 'Actions': 'C:\Users\mrbob\Desktop\devsopserver\actions-runner\_work\_actions'
[2026-06-08 16:13:32Z INFO HostContext] Well known directory 'Bin': 'C:\Users\mrbob\Desktop\devsopserver\actions-runner\bin'
[2026-06-08 16:13:32Z INFO HostContext] Well known directory 'Root': 'C:\Users\mrbob\Desktop\devsopserver\actions-runner'
[2026-06-08 16:13:32Z INFO HostContext] Well known directory 'Work': 'C:\Users\mrbob\Desktop\devsopserver\actions-runner\_work'
[2026-06-08 16:13:32Z INFO HostContext] Well known directory 'Actions': 'C:\Users\mrbob\Desktop\devsopserver\actions-runner\_work\_actions'
[2026-06-08 16:13:32Z INFO ActionManager] Save archive 'https://codeload.github.com/actions/checkout/zip/34e114876b0b11c390a56381ad16ebd13914f8d5' into C:\Users\mrbob\Desktop\devsopserver\actions-runner\_work\_actions\_temp_f17f1eab-a583-497f-adb9-cb3ca59fdd7f\b5eafa2b-98e8-45a3-9cca-6dd7a316368e.zip.
[2026-06-08 16:13:32Z INFO ActionManager] Using Basic token for action archive download.
[2026-06-08 16:13:33Z INFO JobServerQueue] Job timeline record has been updated for the first time.
[2026-06-08 16:13:33Z INFO JobServerQueue] Try to append 1 batches web console lines for record '95020faa-562e-42fb-87c8-0f470c3a8bae', success rate: 1/1.
[2026-06-08 16:13:33Z INFO ActionManager] Request URL: https://codeload.github.com/actions/checkout/zip/34e114876b0b11c390a56381ad16ebd13914f8d5 X-GitHub-Request-Id: 938D:2EB0F:259FF:5E58B:6A26EA2C Http Status: OK
[2026-06-08 16:13:34Z INFO ActionManager] Finished getting action repository.
[2026-06-08 16:13:34Z INFO HostContext] Well known directory 'Bin': 'C:\Users\mrbob\Desktop\devsopserver\actions-runner\bin'
[2026-06-08 16:13:34Z INFO HostContext] Well known directory 'Root': 'C:\Users\mrbob\Desktop\devsopserver\actions-runner'
[2026-06-08 16:13:34Z INFO HostContext] Well known directory 'Work': 'C:\Users\mrbob\Desktop\devsopserver\actions-runner\_work'
[2026-06-08 16:13:34Z INFO HostContext] Well known directory 'Actions': 'C:\Users\mrbob\Desktop\devsopserver\actions-runner\_work\_actions'
[2026-06-08 16:13:34Z INFO ActionManifestManagerLegacy] Load schema file with definitions: [
  "null",
  "boolean",
  "number",
  "string",
  "sequence",
  "mapping",
  "any",
  "action-root",
  "inputs",
  "input",
  "outputs",
  "output-definition",
  "runs",
  "container-runs",
  "container-runs-args",
  "container-runs-env",
  "node-runs",
  "plugin-runs",
  "composite-runs",
  "composite-steps",
  "composite-step",
  "run-step",
  "uses-step",
  "container-runs-context",
  "output-value",
  "input-default-context",
  "non-empty-string",
  "string-steps-context",
  "boolean-steps-context",
  "step-env",
  "step-if",
  "step-with"
]
[2026-06-08 16:13:34Z INFO ActionManifestManager] Load schema file with definitions: [
  "null",
  "boolean",
  "number",
  "string",
  "sequence",
  "mapping",
  "any",
  "action-root",
  "inputs",
  "input",
  "outputs",
  "output-definition",
  "runs",
  "container-runs",
  "container-runs-args",
  "container-runs-env",
  "node-runs",
  "plugin-runs",
  "composite-runs",
  "composite-steps",
  "composite-step",
  "run-step",
  "uses-step",
  "container-runs-context",
  "output-value",
  "input-default-context",
  "non-empty-string",
  "string-steps-context",
  "boolean-steps-context",
  "step-env",
  "step-if",
  "step-with"
]
[2026-06-08 16:13:34Z INFO HostContext] Well known directory 'Bin': 'C:\Users\mrbob\Desktop\devsopserver\actions-runner\bin'
[2026-06-08 16:13:34Z INFO HostContext] Well known directory 'Root': 'C:\Users\mrbob\Desktop\devsopserver\actions-runner'
[2026-06-08 16:13:34Z INFO HostContext] Well known directory 'Work': 'C:\Users\mrbob\Desktop\devsopserver\actions-runner\_work'
[2026-06-08 16:13:34Z INFO HostContext] Well known directory 'Actions': 'C:\Users\mrbob\Desktop\devsopserver\actions-runner\_work\_actions'
[2026-06-08 16:13:34Z INFO ActionManifestManagerLegacy] Loaded action.yml file: {
  "name": "Checkout",
  "description": "Checkout a Git repository at a particular version",
  "inputs": {
    "type": 2,
    "map": [
      {
        "key": {
          "type": 0,
          "file": 2,
          "line": 4,
          "col": 3,
          "lit": "repository"
        },
        "value": {
          "type": 3,
          "file": 2,
          "line": 6,
          "col": 14,
          "expr": "github.repository"
        }
      },
      {
        "key": {
          "type": 0,
          "file": 2,
          "line": 7,
          "col": 3,
          "lit": "ref"
        },
        "value": ""
      },
      {
        "key": {
          "type": 0,
          "file": 2,
          "line": 12,
          "col": 3,
          "lit": "token"
        },
        "value": {
          "type": 3,
          "file": 2,
          "line": 24,
          "col": 14,
          "expr": "github.token"
        }
      },
      {
        "key": {
          "type": 0,
          "file": 2,
          "line": 25,
          "col": 3,
          "lit": "ssh-key"
        },
        "value": ""
      },
      {
        "key": {
          "type": 0,
          "file": 2,
          "line": 37,
          "col": 3,
          "lit": "ssh-known-hosts"
        },
        "value": ""
      },
      {
        "key": {
          "type": 0,
          "file": 2,
          "line": 42,
          "col": 3,
          "lit": "ssh-strict"
        },
        "value": {
          "type": 0,
          "file": 2,
          "line": 47,
          "col": 14,
          "lit": "true"
        }
      },
      {
        "key": {
          "type": 0,
          "file": 2,
          "line": 48,
          "col": 3,
          "lit": "ssh-user"
        },
        "value": {
          "type": 0,
          "file": 2,
          "line": 51,
          "col": 14,
          "lit": "git"
        }
      },
      {
        "key": {
          "type": 0,
          "file": 2,
          "line": 52,
          "col": 3,
          "lit": "persist-credentials"
        },
        "value": {
          "type": 0,
          "file": 2,
          "line": 54,
          "col": 14,
          "lit": "true"
        }
      },
      {
        "key": {
          "type": 0,
          "file": 2,
          "line": 55,
          "col": 3,
          "lit": "path"
        },
        "value": ""
      },
      {
        "key": {
          "type": 0,
          "file": 2,
          "line": 57,
          "col": 3,
          "lit": "clean"
        },
        "value": {
          "type": 0,
          "file": 2,
          "line": 59,
          "col": 14,
          "lit": "true"
        }
      },
      {
        "key": {
          "type": 0,
          "file": 2,
          "line": 60,
          "col": 3,
          "lit": "filter"
        },
        "value": {
          "type": 0,
          "file": 2,
          "line": 64,
          "col": 14,
          "lit": ""
        }
      },
      {
        "key": {
          "type": 0,
          "file": 2,
          "line": 65,
          "col": 3,
          "lit": "sparse-checkout"
        },
        "value": {
          "type": 0,
          "file": 2,
          "line": 69,
          "col": 14,
          "lit": ""
        }
      },
      {
        "key": {
          "type": 0,
          "file": 2,
          "line": 70,
          "col": 3,
          "lit": "sparse-checkout-cone-mode"
        },
        "value": {
          "type": 0,
          "file": 2,
          "line": 73,
          "col": 14,
          "lit": "true"
        }
      },
      {
        "key": {
          "type": 0,
          "file": 2,
          "line": 74,
          "col": 3,
          "lit": "fetch-depth"
        },
        "value": {
          "type": 0,
          "file": 2,
          "line": 76,
          "col": 14,
          "lit": "1"
        }
      },
      {
        "key": {
          "type": 0,
          "file": 2,
          "line": 77,
          "col": 3,
          "lit": "fetch-tags"
        },
        "value": {
          "type": 0,
          "file": 2,
          "line": 79,
          "col": 14,
          "lit": "false"
        }
      },
      {
        "key": {
          "type": 0,
          "file": 2,
          "line": 80,
          "col": 3,
          "lit": "show-progress"
        },
        "value": {
          "type": 0,
          "file": 2,
          "line": 82,
          "col": 14,
          "lit": "true"
        }
      },
      {
        "key": {
          "type": 0,
          "file": 2,
          "line": 83,
          "col": 3,
          "lit": "lfs"
        },
        "value": {
          "type": 0,
          "file": 2,
          "line": 85,
          "col": 14,
          "lit": "false"
        }
      },
      {
        "key": {
          "type": 0,
          "file": 2,
          "line": 86,
          "col": 3,
          "lit": "submodules"
        },
        "value": {
          "type": 0,
          "file": 2,
          "line": 94,
          "col": 14,
          "lit": "false"
        }
      },
      {
        "key": {
          "type": 0,
          "file": 2,
          "line": 95,
          "col": 3,
          "lit": "set-safe-directory"
        },
        "value": {
          "type": 0,
          "file": 2,
          "line": 97,
          "col": 14,
          "lit": "true"
        }
      },
      {
        "key": {
          "type": 0,
          "file": 2,
          "line": 98,
          "col": 3,
          "lit": "github-server-url"
        },
        "value": ""
      }
    ]
  },
  "execution": {
    "executionType": "nodeJS",
    "hasPre": false,
    "hasPost": true,
    "script": "dist/index.js",
    "pre": null,
    "post": "dist/index.js",
    "nodeVersion": "node20",
    "cleanupCondition": "always()",
    "initCondition": "always()"
  },
  "deprecated": null
}
[2026-06-08 16:13:34Z INFO ActionManager] Action node.js file: dist/index.js, no more preparation.
[2026-06-08 16:13:34Z INFO HostContext] Well known directory 'Bin': 'C:\Users\mrbob\Desktop\devsopserver\actions-runner\bin'
[2026-06-08 16:13:34Z INFO HostContext] Well known directory 'Root': 'C:\Users\mrbob\Desktop\devsopserver\actions-runner'
[2026-06-08 16:13:34Z INFO HostContext] Well known directory 'Work': 'C:\Users\mrbob\Desktop\devsopserver\actions-runner\_work'
[2026-06-08 16:13:34Z INFO HostContext] Well known directory 'Actions': 'C:\Users\mrbob\Desktop\devsopserver\actions-runner\_work\_actions'
[2026-06-08 16:13:34Z INFO ActionManager] Load action that reference repository from 'C:\Users\mrbob\Desktop\devsopserver\actions-runner\_work\_actions\actions\checkout\v4'
[2026-06-08 16:13:34Z INFO HostContext] Well known directory 'Bin': 'C:\Users\mrbob\Desktop\devsopserver\actions-runner\bin'
[2026-06-08 16:13:34Z INFO HostContext] Well known directory 'Root': 'C:\Users\mrbob\Desktop\devsopserver\actions-runner'
[2026-06-08 16:13:34Z INFO HostContext] Well known directory 'Work': 'C:\Users\mrbob\Desktop\devsopserver\actions-runner\_work'
[2026-06-08 16:13:34Z INFO HostContext] Well known directory 'Actions': 'C:\Users\mrbob\Desktop\devsopserver\actions-runner\_work\_actions'
[2026-06-08 16:13:34Z INFO ActionManifestManagerLegacy] Loaded action.yml file: {
  "name": "Checkout",
  "description": "Checkout a Git repository at a particular version",
  "inputs": {
    "type": 2,
    "map": [
      {
        "key": {
          "type": 0,
          "file": 2,
          "line": 4,
          "col": 3,
          "lit": "repository"
        },
        "value": {
          "type": 3,
          "file": 2,
          "line": 6,
          "col": 14,
          "expr": "github.repository"
        }
      },
      {
        "key": {
          "type": 0,
          "file": 2,
          "line": 7,
          "col": 3,
          "lit": "ref"
        },
        "value": ""
      },
      {
        "key": {
          "type": 0,
          "file": 2,
          "line": 12,
          "col": 3,
          "lit": "token"
        },
        "value": {
          "type": 3,
          "file": 2,
          "line": 24,
          "col": 14,
          "expr": "github.token"
        }
      },
      {
        "key": {
          "type": 0,
          "file": 2,
          "line": 25,
          "col": 3,
          "lit": "ssh-key"
        },
        "value": ""
      },
      {
        "key": {
          "type": 0,
          "file": 2,
          "line": 37,
          "col": 3,
          "lit": "ssh-known-hosts"
        },
        "value": ""
      },
      {
        "key": {
          "type": 0,
          "file": 2,
          "line": 42,
          "col": 3,
          "lit": "ssh-strict"
        },
        "value": {
          "type": 0,
          "file": 2,
          "line": 47,
          "col": 14,
          "lit": "true"
        }
      },
      {
        "key": {
          "type": 0,
          "file": 2,
          "line": 48,
          "col": 3,
          "lit": "ssh-user"
        },
        "value": {
          "type": 0,
          "file": 2,
          "line": 51,
          "col": 14,
          "lit": "git"
        }
      },
      {
        "key": {
          "type": 0,
          "file": 2,
          "line": 52,
          "col": 3,
          "lit": "persist-credentials"
        },
        "value": {
          "type": 0,
          "file": 2,
          "line": 54,
          "col": 14,
          "lit": "true"
        }
      },
      {
        "key": {
          "type": 0,
          "file": 2,
          "line": 55,
          "col": 3,
          "lit": "path"
        },
        "value": ""
      },
      {
        "key": {
          "type": 0,
          "file": 2,
          "line": 57,
          "col": 3,
          "lit": "clean"
        },
        "value": {
          "type": 0,
          "file": 2,
          "line": 59,
          "col": 14,
          "lit": "true"
        }
      },
      {
        "key": {
          "type": 0,
          "file": 2,
          "line": 60,
          "col": 3,
          "lit": "filter"
        },
        "value": {
          "type": 0,
          "file": 2,
          "line": 64,
          "col": 14,
          "lit": ""
        }
      },
      {
        "key": {
          "type": 0,
          "file": 2,
          "line": 65,
          "col": 3,
          "lit": "sparse-checkout"
        },
        "value": {
          "type": 0,
          "file": 2,
          "line": 69,
          "col": 14,
          "lit": ""
        }
      },
      {
        "key": {
          "type": 0,
          "file": 2,
          "line": 70,
          "col": 3,
          "lit": "sparse-checkout-cone-mode"
        },
        "value": {
          "type": 0,
          "file": 2,
          "line": 73,
          "col": 14,
          "lit": "true"
        }
      },
      {
        "key": {
          "type": 0,
          "file": 2,
          "line": 74,
          "col": 3,
          "lit": "fetch-depth"
        },
        "value": {
          "type": 0,
          "file": 2,
          "line": 76,
          "col": 14,
          "lit": "1"
        }
      },
      {
        "key": {
          "type": 0,
          "file": 2,
          "line": 77,
          "col": 3,
          "lit": "fetch-tags"
        },
        "value": {
          "type": 0,
          "file": 2,
          "line": 79,
          "col": 14,
          "lit": "false"
        }
      },
      {
        "key": {
          "type": 0,
          "file": 2,
          "line": 80,
          "col": 3,
          "lit": "show-progress"
        },
        "value": {
          "type": 0,
          "file": 2,
          "line": 82,
          "col": 14,
          "lit": "true"
        }
      },
      {
        "key": {
          "type": 0,
          "file": 2,
          "line": 83,
          "col": 3,
          "lit": "lfs"
        },
        "value": {
          "type": 0,
          "file": 2,
          "line": 85,
          "col": 14,
          "lit": "false"
        }
      },
      {
        "key": {
          "type": 0,
          "file": 2,
          "line": 86,
          "col": 3,
          "lit": "submodules"
        },
        "value": {
          "type": 0,
          "file": 2,
          "line": 94,
          "col": 14,
          "lit": "false"
        }
      },
      {
        "key": {
          "type": 0,
          "file": 2,
          "line": 95,
          "col": 3,
          "lit": "set-safe-directory"
        },
        "value": {
          "type": 0,
          "file": 2,
          "line": 97,
          "col": 14,
          "lit": "true"
        }
      },
      {
        "key": {
          "type": 0,
          "file": 2,
          "line": 98,
          "col": 3,
          "lit": "github-server-url"
        },
        "value": ""
      }
    ]
  },
  "execution": {
    "executionType": "nodeJS",
    "hasPre": false,
    "hasPost": true,
    "script": "dist/index.js",
    "pre": null,
    "post": "dist/index.js",
    "nodeVersion": "node20",
    "cleanupCondition": "always()",
    "initCondition": "always()"
  },
  "deprecated": null
}
[2026-06-08 16:13:34Z INFO ActionManager] Action pre node.js file: N/A.
[2026-06-08 16:13:34Z INFO ActionManager] Action node.js file: dist/index.js.
[2026-06-08 16:13:34Z INFO ActionManager] Action post node.js file: dist/index.js.
[2026-06-08 16:13:34Z INFO JobExtension] Adding .
[2026-06-08 16:13:34Z INFO JobExtension] Adding .
[2026-06-08 16:13:34Z INFO JobExtension] Adding .
[2026-06-08 16:13:34Z INFO JobExtension] Adding .
[2026-06-08 16:13:34Z INFO HostContext] Well known directory 'Bin': 'C:\Users\mrbob\Desktop\devsopserver\actions-runner\bin'
[2026-06-08 16:13:34Z INFO HostContext] Well known directory 'Root': 'C:\Users\mrbob\Desktop\devsopserver\actions-runner'
[2026-06-08 16:13:34Z INFO HostContext] Well known directory 'Diag': 'C:\Users\mrbob\Desktop\devsopserver\actions-runner\_diag'
[2026-06-08 16:13:34Z INFO HostContext] Well known directory 'Bin': 'C:\Users\mrbob\Desktop\devsopserver\actions-runner\bin'
[2026-06-08 16:13:34Z INFO HostContext] Well known directory 'Root': 'C:\Users\mrbob\Desktop\devsopserver\actions-runner'
[2026-06-08 16:13:34Z INFO HostContext] Well known directory 'Diag': 'C:\Users\mrbob\Desktop\devsopserver\actions-runner\_diag'
[2026-06-08 16:13:34Z INFO HostContext] Well known directory 'Bin': 'C:\Users\mrbob\Desktop\devsopserver\actions-runner\bin'
[2026-06-08 16:13:34Z INFO HostContext] Well known directory 'Root': 'C:\Users\mrbob\Desktop\devsopserver\actions-runner'
[2026-06-08 16:13:34Z INFO HostContext] Well known directory 'Diag': 'C:\Users\mrbob\Desktop\devsopserver\actions-runner\_diag'
[2026-06-08 16:13:34Z INFO HostContext] Well known directory 'Bin': 'C:\Users\mrbob\Desktop\devsopserver\actions-runner\bin'
[2026-06-08 16:13:34Z INFO HostContext] Well known directory 'Root': 'C:\Users\mrbob\Desktop\devsopserver\actions-runner'
[2026-06-08 16:13:34Z INFO HostContext] Well known directory 'Diag': 'C:\Users\mrbob\Desktop\devsopserver\actions-runner\_diag'
[2026-06-08 16:13:34Z INFO HostContext] Well known directory 'Bin': 'C:\Users\mrbob\Desktop\devsopserver\actions-runner\bin'
[2026-06-08 16:13:34Z INFO HostContext] Well known directory 'Root': 'C:\Users\mrbob\Desktop\devsopserver\actions-runner'
[2026-06-08 16:13:34Z INFO HostContext] Well known directory 'Diag': 'C:\Users\mrbob\Desktop\devsopserver\actions-runner\_diag'
[2026-06-08 16:13:34Z INFO HostContext] Well known directory 'Bin': 'C:\Users\mrbob\Desktop\devsopserver\actions-runner\bin'
[2026-06-08 16:13:34Z INFO HostContext] Well known directory 'Root': 'C:\Users\mrbob\Desktop\devsopserver\actions-runner'
[2026-06-08 16:13:34Z INFO HostContext] Well known directory 'Diag': 'C:\Users\mrbob\Desktop\devsopserver\actions-runner\_diag'
[2026-06-08 16:13:34Z INFO HostContext] Well known directory 'Bin': 'C:\Users\mrbob\Desktop\devsopserver\actions-runner\bin'
[2026-06-08 16:13:34Z INFO HostContext] Well known directory 'Root': 'C:\Users\mrbob\Desktop\devsopserver\actions-runner'
[2026-06-08 16:13:34Z INFO HostContext] Well known directory 'Diag': 'C:\Users\mrbob\Desktop\devsopserver\actions-runner\_diag'
[2026-06-08 16:13:34Z INFO HostContext] Well known directory 'Bin': 'C:\Users\mrbob\Desktop\devsopserver\actions-runner\bin'
[2026-06-08 16:13:34Z INFO HostContext] Well known directory 'Root': 'C:\Users\mrbob\Desktop\devsopserver\actions-runner'
[2026-06-08 16:13:34Z INFO HostContext] Well known directory 'Diag': 'C:\Users\mrbob\Desktop\devsopserver\actions-runner\_diag'
[2026-06-08 16:13:34Z INFO JobExtension] Total accessible running process: 327.
[2026-06-08 16:13:34Z INFO HostContext] Well known directory 'Bin': 'C:\Users\mrbob\Desktop\devsopserver\actions-runner\bin'
[2026-06-08 16:13:34Z INFO HostContext] Well known directory 'Root': 'C:\Users\mrbob\Desktop\devsopserver\actions-runner'
[2026-06-08 16:13:34Z INFO HostContext] Well known directory 'Work': 'C:\Users\mrbob\Desktop\devsopserver\actions-runner\_work'
[2026-06-08 16:13:34Z INFO JobExtension] Start checking server connectivity.
[2026-06-08 16:13:34Z INFO JobExtension] Check server connectivity for https://broker.actions.githubusercontent.com/health.
[2026-06-08 16:13:34Z INFO JobExtension] Check server connectivity for https://token.actions.githubusercontent.com/ready.
[2026-06-08 16:13:34Z INFO JobExtension] Check server connectivity for https://run.actions.githubusercontent.com/health.
[2026-06-08 16:13:34Z INFO JobExtension] Start checking service connectivity in background.
[2026-06-08 16:13:34Z INFO ExecutionContext] Publish step telemetry for current step {
  "action": "setup_job",
  "type": "runner",
  "stage": "Pre",
  "stepId": "95020faa-562e-42fb-87c8-0f470c3a8bae",
  "result": "succeeded",
  "errorMessages": [],
  "executionTimeInSeconds": 3,
  "startTime": "2026-06-08T16:13:31.9054416Z",
  "finishTime": "2026-06-08T16:13:34.5649099Z"
}.
[2026-06-08 16:13:34Z INFO JobRunner] Total job steps: 4.
[2026-06-08 16:13:34Z INFO JobRunner] Run all job steps.
[2026-06-08 16:13:34Z INFO DapDebugger] DapDebugger initialized
[2026-06-08 16:13:34Z INFO StepsRunner] Processing step: DisplayName='Checkout Code'
[2026-06-08 16:13:34Z INFO StepsRunner] Evaluating: success()
[2026-06-08 16:13:34Z INFO StepsRunner] Result: true
[2026-06-08 16:13:34Z INFO StepsRunner] Starting the step.
[2026-06-08 16:13:34Z INFO HostContext] Well known directory 'Bin': 'C:\Users\mrbob\Desktop\devsopserver\actions-runner\bin'
[2026-06-08 16:13:34Z INFO HostContext] Well known directory 'Root': 'C:\Users\mrbob\Desktop\devsopserver\actions-runner'
[2026-06-08 16:13:34Z INFO HostContext] Well known directory 'Work': 'C:\Users\mrbob\Desktop\devsopserver\actions-runner\_work'
[2026-06-08 16:13:34Z INFO StepsRunner] Which2: 'chcp'
[2026-06-08 16:13:34Z INFO StepsRunner] Location: 'C:\WINDOWS\system32\chcp.COM'
[2026-06-08 16:13:34Z INFO ProcessInvokerWrapper] Starting process:
[2026-06-08 16:13:34Z INFO ProcessInvokerWrapper]   File name: 'C:\WINDOWS\system32\chcp.COM'
[2026-06-08 16:13:34Z INFO ProcessInvokerWrapper]   Arguments: '65001'
[2026-06-08 16:13:34Z INFO ProcessInvokerWrapper]   Working directory: 'C:\Users\mrbob\Desktop\devsopserver\actions-runner\_work'
[2026-06-08 16:13:34Z INFO ProcessInvokerWrapper]   Require exit code zero: 'False'
[2026-06-08 16:13:34Z INFO ProcessInvokerWrapper]   Encoding web name:  ; code page: ''
[2026-06-08 16:13:34Z INFO ProcessInvokerWrapper]   Force kill process on cancellation: 'False'
[2026-06-08 16:13:34Z INFO ProcessInvokerWrapper]   Redirected STDIN: 'False'
[2026-06-08 16:13:34Z INFO ProcessInvokerWrapper]   Persist current code page: 'True'
[2026-06-08 16:13:34Z INFO ProcessInvokerWrapper]   Keep redirected STDIN open: 'False'
[2026-06-08 16:13:34Z INFO ProcessInvokerWrapper]   High priority process: 'False'
[2026-06-08 16:13:34Z INFO ProcessInvokerWrapper] Process started with process id 26616, waiting for process exit.
[2026-06-08 16:13:34Z INFO ProcessInvokerWrapper] STDOUT/STDERR stream read finished.
[2026-06-08 16:13:34Z INFO ProcessInvokerWrapper] STDOUT/STDERR stream read finished.
[2026-06-08 16:13:34Z INFO ProcessInvokerWrapper] Finished process 26616 with exit code 0, and elapsed time 00:00:00.0139058.
[2026-06-08 16:13:34Z INFO StepsRunner] Successfully returned to code page 65001 (UTF8)
[2026-06-08 16:13:34Z INFO HostContext] Well known directory 'Bin': 'C:\Users\mrbob\Desktop\devsopserver\actions-runner\bin'
[2026-06-08 16:13:34Z INFO HostContext] Well known directory 'Root': 'C:\Users\mrbob\Desktop\devsopserver\actions-runner'
[2026-06-08 16:13:34Z INFO HostContext] Well known directory 'Work': 'C:\Users\mrbob\Desktop\devsopserver\actions-runner\_work'
[2026-06-08 16:13:34Z INFO HostContext] Well known directory 'Actions': 'C:\Users\mrbob\Desktop\devsopserver\actions-runner\_work\_actions'
[2026-06-08 16:13:34Z INFO ActionManager] Load action that reference repository from 'C:\Users\mrbob\Desktop\devsopserver\actions-runner\_work\_actions\actions\checkout\v4'
[2026-06-08 16:13:34Z INFO HostContext] Well known directory 'Bin': 'C:\Users\mrbob\Desktop\devsopserver\actions-runner\bin'
[2026-06-08 16:13:34Z INFO HostContext] Well known directory 'Root': 'C:\Users\mrbob\Desktop\devsopserver\actions-runner'
[2026-06-08 16:13:34Z INFO HostContext] Well known directory 'Work': 'C:\Users\mrbob\Desktop\devsopserver\actions-runner\_work'
[2026-06-08 16:13:34Z INFO HostContext] Well known directory 'Actions': 'C:\Users\mrbob\Desktop\devsopserver\actions-runner\_work\_actions'
[2026-06-08 16:13:34Z INFO ActionManifestManagerLegacy] Loaded action.yml file: {
  "name": "Checkout",
  "description": "Checkout a Git repository at a particular version",
  "inputs": {
    "type": 2,
    "map": [
      {
        "key": {
          "type": 0,
          "file": 2,
          "line": 4,
          "col": 3,
          "lit": "repository"
        },
        "value": {
          "type": 3,
          "file": 2,
          "line": 6,
          "col": 14,
          "expr": "github.repository"
        }
      },
      {
        "key": {
          "type": 0,
          "file": 2,
          "line": 7,
          "col": 3,
          "lit": "ref"
        },
        "value": ""
      },
      {
        "key": {
          "type": 0,
          "file": 2,
          "line": 12,
          "col": 3,
          "lit": "token"
        },
        "value": {
          "type": 3,
          "file": 2,
          "line": 24,
          "col": 14,
          "expr": "github.token"
        }
      },
      {
        "key": {
          "type": 0,
          "file": 2,
          "line": 25,
          "col": 3,
          "lit": "ssh-key"
        },
        "value": ""
      },
      {
        "key": {
          "type": 0,
          "file": 2,
          "line": 37,
          "col": 3,
          "lit": "ssh-known-hosts"
        },
        "value": ""
      },
      {
        "key": {
          "type": 0,
          "file": 2,
          "line": 42,
          "col": 3,
          "lit": "ssh-strict"
        },
        "value": {
          "type": 0,
          "file": 2,
          "line": 47,
          "col": 14,
          "lit": "true"
        }
      },
      {
        "key": {
          "type": 0,
          "file": 2,
          "line": 48,
          "col": 3,
          "lit": "ssh-user"
        },
        "value": {
          "type": 0,
          "file": 2,
          "line": 51,
          "col": 14,
          "lit": "git"
        }
      },
      {
        "key": {
          "type": 0,
          "file": 2,
          "line": 52,
          "col": 3,
          "lit": "persist-credentials"
        },
        "value": {
          "type": 0,
          "file": 2,
          "line": 54,
          "col": 14,
          "lit": "true"
        }
      },
      {
        "key": {
          "type": 0,
          "file": 2,
          "line": 55,
          "col": 3,
          "lit": "path"
        },
        "value": ""
      },
      {
        "key": {
          "type": 0,
          "file": 2,
          "line": 57,
          "col": 3,
          "lit": "clean"
        },
        "value": {
          "type": 0,
          "file": 2,
          "line": 59,
          "col": 14,
          "lit": "true"
        }
      },
      {
        "key": {
          "type": 0,
          "file": 2,
          "line": 60,
          "col": 3,
          "lit": "filter"
        },
        "value": {
          "type": 0,
          "file": 2,
          "line": 64,
          "col": 14,
          "lit": ""
        }
      },
      {
        "key": {
          "type": 0,
          "file": 2,
          "line": 65,
          "col": 3,
          "lit": "sparse-checkout"
        },
        "value": {
          "type": 0,
          "file": 2,
          "line": 69,
          "col": 14,
          "lit": ""
        }
      },
      {
        "key": {
          "type": 0,
          "file": 2,
          "line": 70,
          "col": 3,
          "lit": "sparse-checkout-cone-mode"
        },
        "value": {
          "type": 0,
          "file": 2,
          "line": 73,
          "col": 14,
          "lit": "true"
        }
      },
      {
        "key": {
          "type": 0,
          "file": 2,
          "line": 74,
          "col": 3,
          "lit": "fetch-depth"
        },
        "value": {
          "type": 0,
          "file": 2,
          "line": 76,
          "col": 14,
          "lit": "1"
        }
      },
      {
        "key": {
          "type": 0,
          "file": 2,
          "line": 77,
          "col": 3,
          "lit": "fetch-tags"
        },
        "value": {
          "type": 0,
          "file": 2,
          "line": 79,
          "col": 14,
          "lit": "false"
        }
      },
      {
        "key": {
          "type": 0,
          "file": 2,
          "line": 80,
          "col": 3,
          "lit": "show-progress"
        },
        "value": {
          "type": 0,
          "file": 2,
          "line": 82,
          "col": 14,
          "lit": "true"
        }
      },
      {
        "key": {
          "type": 0,
          "file": 2,
          "line": 83,
          "col": 3,
          "lit": "lfs"
        },
        "value": {
          "type": 0,
          "file": 2,
          "line": 85,
          "col": 14,
          "lit": "false"
        }
      },
      {
        "key": {
          "type": 0,
          "file": 2,
          "line": 86,
          "col": 3,
          "lit": "submodules"
        },
        "value": {
          "type": 0,
          "file": 2,
          "line": 94,
          "col": 14,
          "lit": "false"
        }
      },
      {
        "key": {
          "type": 0,
          "file": 2,
          "line": 95,
          "col": 3,
          "lit": "set-safe-directory"
        },
        "value": {
          "type": 0,
          "file": 2,
          "line": 97,
          "col": 14,
          "lit": "true"
        }
      },
      {
        "key": {
          "type": 0,
          "file": 2,
          "line": 98,
          "col": 3,
          "lit": "github-server-url"
        },
        "value": ""
      }
    ]
  },
  "execution": {
    "executionType": "nodeJS",
    "hasPre": false,
    "hasPost": true,
    "script": "dist/index.js",
    "pre": null,
    "post": "dist/index.js",
    "nodeVersion": "node20",
    "cleanupCondition": "always()",
    "initCondition": "always()"
  },
  "deprecated": null
}
[2026-06-08 16:13:34Z INFO ActionManager] Action pre node.js file: N/A.
[2026-06-08 16:13:34Z INFO ActionManager] Action node.js file: dist/index.js.
[2026-06-08 16:13:34Z INFO ActionManager] Action post node.js file: dist/index.js.
[2026-06-08 16:13:34Z INFO ExecutionContext] Reserve record order 6 to 10 for post job actions.
[2026-06-08 16:13:34Z INFO HostContext] Well known directory 'Bin': 'C:\Users\mrbob\Desktop\devsopserver\actions-runner\bin'
[2026-06-08 16:13:34Z INFO HostContext] Well known directory 'Root': 'C:\Users\mrbob\Desktop\devsopserver\actions-runner'
[2026-06-08 16:13:34Z INFO HostContext] Well known directory 'Diag': 'C:\Users\mrbob\Desktop\devsopserver\actions-runner\_diag'
[2026-06-08 16:13:34Z INFO HostContext] Well known directory 'Bin': 'C:\Users\mrbob\Desktop\devsopserver\actions-runner\bin'
[2026-06-08 16:13:34Z INFO HostContext] Well known directory 'Root': 'C:\Users\mrbob\Desktop\devsopserver\actions-runner'
[2026-06-08 16:13:34Z INFO HostContext] Well known directory 'Diag': 'C:\Users\mrbob\Desktop\devsopserver\actions-runner\_diag'
[2026-06-08 16:13:34Z INFO HostContext] Well known directory 'Bin': 'C:\Users\mrbob\Desktop\devsopserver\actions-runner\bin'
[2026-06-08 16:13:34Z INFO HostContext] Well known directory 'Root': 'C:\Users\mrbob\Desktop\devsopserver\actions-runner'
[2026-06-08 16:13:34Z INFO HostContext] Well known directory 'Work': 'C:\Users\mrbob\Desktop\devsopserver\actions-runner\_work'
[2026-06-08 16:13:34Z INFO HostContext] Well known directory 'Temp': 'C:\Users\mrbob\Desktop\devsopserver\actions-runner\_work\_temp'
[2026-06-08 16:13:34Z INFO ExecutionContext] Write event payload to C:\Users\mrbob\Desktop\devsopserver\actions-runner\_work\_temp\_github_workflow\event.json
[2026-06-08 16:13:34Z INFO HostContext] Well known directory 'Bin': 'C:\Users\mrbob\Desktop\devsopserver\actions-runner\bin'
[2026-06-08 16:13:34Z INFO HostContext] Well known directory 'Root': 'C:\Users\mrbob\Desktop\devsopserver\actions-runner'
[2026-06-08 16:13:34Z INFO HostContext] Well known directory 'Work': 'C:\Users\mrbob\Desktop\devsopserver\actions-runner\_work'
[2026-06-08 16:13:34Z INFO HostContext] Well known directory 'Temp': 'C:\Users\mrbob\Desktop\devsopserver\actions-runner\_work\_temp'
[2026-06-08 16:13:34Z INFO ExtensionManager] Getting extensions for interface: 'GitHub.Runner.Worker.IFileCommandExtension'
[2026-06-08 16:13:34Z INFO ExtensionManager] Creating instance: GitHub.Runner.Worker.AddPathFileCommand, Runner.Worker
[2026-06-08 16:13:34Z INFO ExtensionManager] Creating instance: GitHub.Runner.Worker.SetEnvFileCommand, Runner.Worker
[2026-06-08 16:13:34Z INFO ExtensionManager] Creating instance: GitHub.Runner.Worker.CreateStepSummaryCommand, Runner.Worker
[2026-06-08 16:13:34Z INFO ExtensionManager] Creating instance: GitHub.Runner.Worker.SaveStateFileCommand, Runner.Worker
[2026-06-08 16:13:34Z INFO ExtensionManager] Creating instance: GitHub.Runner.Worker.SetOutputFileCommand, Runner.Worker
[2026-06-08 16:13:34Z INFO ActionManifestManagerLegacy] Input 'repository': default value evaluate result: {
  "type": 0,
  "file": 2,
  "line": 6,
  "col": 14,
  "lit": "oeunchhinh-ux/devopsserver"
}
[2026-06-08 16:13:34Z INFO ActionManifestManagerLegacy] Input 'ref': default value evaluate result: ""
[2026-06-08 16:13:34Z INFO ActionManifestManagerLegacy] Input 'token': default value evaluate result: {
  "type": 0,
  "file": 2,
  "line": 24,
  "col": 14,
  "lit": "***"
}
[2026-06-08 16:13:34Z INFO ActionManifestManagerLegacy] Input 'ssh-key': default value evaluate result: ""
[2026-06-08 16:13:34Z INFO ActionManifestManagerLegacy] Input 'ssh-known-hosts': default value evaluate result: ""
[2026-06-08 16:13:34Z INFO ActionManifestManagerLegacy] Input 'ssh-strict': default value evaluate result: {
  "type": 0,
  "file": 2,
  "line": 47,
  "col": 14,
  "lit": "true"
}
[2026-06-08 16:13:34Z INFO ActionManifestManagerLegacy] Input 'ssh-user': default value evaluate result: {
  "type": 0,
  "file": 2,
  "line": 51,
  "col": 14,
  "lit": "git"
}
[2026-06-08 16:13:34Z INFO ActionManifestManagerLegacy] Input 'persist-credentials': default value evaluate result: {
  "type": 0,
  "file": 2,
  "line": 54,
  "col": 14,
  "lit": "true"
}
[2026-06-08 16:13:34Z INFO ActionManifestManagerLegacy] Input 'path': default value evaluate result: ""
[2026-06-08 16:13:34Z INFO ActionManifestManagerLegacy] Input 'clean': default value evaluate result: {
  "type": 0,
  "file": 2,
  "line": 59,
  "col": 14,
  "lit": "true"
}
[2026-06-08 16:13:34Z INFO ActionManifestManagerLegacy] Input 'filter': default value evaluate result: {
  "type": 0,
  "file": 2,
  "line": 64,
  "col": 14,
  "lit": ""
}
[2026-06-08 16:13:34Z INFO ActionManifestManagerLegacy] Input 'sparse-checkout': default value evaluate result: {
  "type": 0,
  "file": 2,
  "line": 69,
  "col": 14,
  "lit": ""
}
[2026-06-08 16:13:34Z INFO ActionManifestManagerLegacy] Input 'sparse-checkout-cone-mode': default value evaluate result: {
  "type": 0,
  "file": 2,
  "line": 73,
  "col": 14,
  "lit": "true"
}
[2026-06-08 16:13:34Z INFO ActionManifestManagerLegacy] Input 'fetch-depth': default value evaluate result: {
  "type": 0,
  "file": 2,
  "line": 76,
  "col": 14,
  "lit": "1"
}
[2026-06-08 16:13:34Z INFO ActionManifestManagerLegacy] Input 'fetch-tags': default value evaluate result: {
  "type": 0,
  "file": 2,
  "line": 79,
  "col": 14,
  "lit": "false"
}
[2026-06-08 16:13:34Z INFO ActionManifestManagerLegacy] Input 'show-progress': default value evaluate result: {
  "type": 0,
  "file": 2,
  "line": 82,
  "col": 14,
  "lit": "true"
}
[2026-06-08 16:13:34Z INFO ActionManifestManagerLegacy] Input 'lfs': default value evaluate result: {
  "type": 0,
  "file": 2,
  "line": 85,
  "col": 14,
  "lit": "false"
}
[2026-06-08 16:13:34Z INFO ActionManifestManagerLegacy] Input 'submodules': default value evaluate result: {
  "type": 0,
  "file": 2,
  "line": 94,
  "col": 14,
  "lit": "false"
}
[2026-06-08 16:13:34Z INFO ActionManifestManagerLegacy] Input 'set-safe-directory': default value evaluate result: {
  "type": 0,
  "file": 2,
  "line": 97,
  "col": 14,
  "lit": "true"
}
[2026-06-08 16:13:34Z INFO ActionManifestManagerLegacy] Input 'github-server-url': default value evaluate result: ""
[2026-06-08 16:13:34Z INFO ExtensionManager] Getting extensions for interface: 'GitHub.Runner.Worker.IActionCommandExtension'
[2026-06-08 16:13:34Z INFO ExtensionManager] Creating instance: GitHub.Runner.Worker.InternalPluginSetRepoPathCommandExtension, Runner.Worker
[2026-06-08 16:13:34Z INFO ExtensionManager] Creating instance: GitHub.Runner.Worker.SetEnvCommandExtension, Runner.Worker
[2026-06-08 16:13:34Z INFO ExtensionManager] Creating instance: GitHub.Runner.Worker.SetOutputCommandExtension, Runner.Worker
[2026-06-08 16:13:34Z INFO ExtensionManager] Creating instance: GitHub.Runner.Worker.SaveStateCommandExtension, Runner.Worker
[2026-06-08 16:13:34Z INFO ExtensionManager] Creating instance: GitHub.Runner.Worker.AddPathCommandExtension, Runner.Worker
[2026-06-08 16:13:34Z INFO ExtensionManager] Creating instance: GitHub.Runner.Worker.AddMaskCommandExtension, Runner.Worker
[2026-06-08 16:13:34Z INFO ExtensionManager] Creating instance: GitHub.Runner.Worker.AddMatcherCommandExtension, Runner.Worker
[2026-06-08 16:13:34Z INFO ExtensionManager] Creating instance: GitHub.Runner.Worker.RemoveMatcherCommandExtension, Runner.Worker
[2026-06-08 16:13:34Z INFO ExtensionManager] Creating instance: GitHub.Runner.Worker.WarningCommandExtension, Runner.Worker
[2026-06-08 16:13:34Z INFO ExtensionManager] Creating instance: GitHub.Runner.Worker.ErrorCommandExtension, Runner.Worker
[2026-06-08 16:13:34Z INFO ExtensionManager] Creating instance: GitHub.Runner.Worker.NoticeCommandExtension, Runner.Worker
[2026-06-08 16:13:34Z INFO ExtensionManager] Creating instance: GitHub.Runner.Worker.DebugCommandExtension, Runner.Worker
[2026-06-08 16:13:34Z INFO ExtensionManager] Creating instance: GitHub.Runner.Worker.GroupCommandExtension, Runner.Worker
[2026-06-08 16:13:34Z INFO ExtensionManager] Creating instance: GitHub.Runner.Worker.EndGroupCommandExtension, Runner.Worker
[2026-06-08 16:13:34Z INFO ExtensionManager] Creating instance: GitHub.Runner.Worker.EchoCommandExtension, Runner.Worker
[2026-06-08 16:13:34Z INFO ActionCommandManager] Register action command extension for command internal-set-repo-path
[2026-06-08 16:13:34Z INFO ActionCommandManager] Register action command extension for command set-env
[2026-06-08 16:13:34Z INFO ActionCommandManager] Register action command extension for command set-output
[2026-06-08 16:13:34Z INFO ActionCommandManager] Register action command extension for command save-state
[2026-06-08 16:13:34Z INFO ActionCommandManager] Register action command extension for command add-path
[2026-06-08 16:13:34Z INFO ActionCommandManager] Register action command extension for command add-mask
[2026-06-08 16:13:34Z INFO ActionCommandManager] Register action command extension for command add-matcher
[2026-06-08 16:13:34Z INFO ActionCommandManager] Register action command extension for command remove-matcher
[2026-06-08 16:13:34Z INFO ActionCommandManager] Register action command extension for command warning
[2026-06-08 16:13:34Z INFO ActionCommandManager] Register action command extension for command error
[2026-06-08 16:13:34Z INFO ActionCommandManager] Register action command extension for command notice
[2026-06-08 16:13:34Z INFO ActionCommandManager] Register action command extension for command debug
[2026-06-08 16:13:34Z INFO ActionCommandManager] Register action command extension for command group
[2026-06-08 16:13:34Z INFO ActionCommandManager] Register action command extension for command endgroup
[2026-06-08 16:13:34Z INFO ActionCommandManager] Register action command extension for command echo
[2026-06-08 16:13:34Z INFO HostContext] Well known directory 'Bin': 'C:\Users\mrbob\Desktop\devsopserver\actions-runner\bin'
[2026-06-08 16:13:34Z INFO HostContext] Well known directory 'Root': 'C:\Users\mrbob\Desktop\devsopserver\actions-runner'
[2026-06-08 16:13:34Z INFO HostContext] Well known directory 'Externals': 'C:\Users\mrbob\Desktop\devsopserver\actions-runner\externals'
[2026-06-08 16:13:34Z INFO ProcessInvokerWrapper] Starting process:
[2026-06-08 16:13:34Z INFO ProcessInvokerWrapper]   File name: 'C:\Users\mrbob\Desktop\devsopserver\actions-runner\externals\node20\bin\node.exe'
[2026-06-08 16:13:34Z INFO ProcessInvokerWrapper]   Arguments: '"C:\Users\mrbob\Desktop\devsopserver\actions-runner\_work\_actions\actions\checkout\v4\dist/index.js"'
[2026-06-08 16:13:34Z INFO ProcessInvokerWrapper]   Working directory: 'C:\Users\mrbob\Desktop\devsopserver\actions-runner\_work\devopsserver\devopsserver'
[2026-06-08 16:13:34Z INFO ProcessInvokerWrapper]   Require exit code zero: 'False'
[2026-06-08 16:13:34Z INFO ProcessInvokerWrapper]   Encoding web name: utf-8 ; code page: '65001'
[2026-06-08 16:13:34Z INFO ProcessInvokerWrapper]   Force kill process on cancellation: 'False'
[2026-06-08 16:13:34Z INFO ProcessInvokerWrapper]   Redirected STDIN: 'False'
[2026-06-08 16:13:34Z INFO ProcessInvokerWrapper]   Persist current code page: 'True'
[2026-06-08 16:13:34Z INFO ProcessInvokerWrapper]   Keep redirected STDIN open: 'False'
[2026-06-08 16:13:34Z INFO ProcessInvokerWrapper]   High priority process: 'False'
[2026-06-08 16:13:34Z INFO JobServerQueue] Try to append 1 batches web console lines for record '95020faa-562e-42fb-87c8-0f470c3a8bae', success rate: 1/1.
[2026-06-08 16:13:34Z INFO JobServerQueue] Try to append 1 batches web console lines for record 'ae4a47a3-7dd3-45e8-afa8-c4b6d318222a', success rate: 1/1.
[2026-06-08 16:13:34Z INFO JobServerQueue] Got a step log file to send to results service.
[2026-06-08 16:13:34Z INFO JobServerQueue] Starting upload of step log file to results service ResultsLog, C:\Users\mrbob\Desktop\devsopserver\actions-runner\_diag\blocks\e60771bb-87bf-4121-af73-81fa25a42a06_95020faa-562e-42fb-87c8-0f470c3a8bae.1
[2026-06-08 16:13:34Z INFO JobServerQueue] Try to upload 1 log files or attachments, success rate: 1/1.
[2026-06-08 16:13:36Z INFO ProcessInvokerWrapper] Process started with process id 8840, waiting for process exit.
[2026-06-08 16:13:36Z INFO JobServerQueue] Tried to upload 1 file(s) to results, success rate: 1/1.
[2026-06-08 16:13:36Z INFO AddMaskCommandExtension] Add new secret mask with length of 588
[2026-06-08 16:13:36Z INFO JobServerQueue] Try to append 1 batches web console lines for record 'ae4a47a3-7dd3-45e8-afa8-c4b6d318222a', success rate: 1/1.
[2026-06-08 16:13:36Z INFO JobServerQueue] Try to append 1 batches web console lines for record 'ae4a47a3-7dd3-45e8-afa8-c4b6d318222a', success rate: 1/1.
[2026-06-08 16:13:37Z INFO JobServerQueue] Try to append 1 batches web console lines for record 'ae4a47a3-7dd3-45e8-afa8-c4b6d318222a', success rate: 1/1.
[2026-06-08 16:13:37Z INFO JobServerQueue] Try to append 1 batches web console lines for record 'ae4a47a3-7dd3-45e8-afa8-c4b6d318222a', success rate: 1/1.
[2026-06-08 16:13:38Z INFO JobServerQueue] Try to append 1 batches web console lines for record 'ae4a47a3-7dd3-45e8-afa8-c4b6d318222a', success rate: 1/1.
[2026-06-08 16:13:38Z INFO JobServerQueue] Try to append 1 batches web console lines for record 'ae4a47a3-7dd3-45e8-afa8-c4b6d318222a', success rate: 1/1.
[2026-06-08 16:13:44Z INFO HostContext] Well known directory 'Bin': 'C:\Users\mrbob\Desktop\devsopserver\actions-runner\bin'
[2026-06-08 16:13:44Z INFO HostContext] Well known directory 'Root': 'C:\Users\mrbob\Desktop\devsopserver\actions-runner'
[2026-06-08 16:13:44Z INFO HostContext] Well known directory 'Work': 'C:\Users\mrbob\Desktop\devsopserver\actions-runner\_work'
[2026-06-08 16:13:54Z INFO HostContext] Well known directory 'Bin': 'C:\Users\mrbob\Desktop\devsopserver\actions-runner\bin'
[2026-06-08 16:13:54Z INFO HostContext] Well known directory 'Root': 'C:\Users\mrbob\Desktop\devsopserver\actions-runner'
[2026-06-08 16:13:54Z INFO HostContext] Well known directory 'Work': 'C:\Users\mrbob\Desktop\devsopserver\actions-runner\_work'
[2026-06-08 16:14:04Z INFO HostContext] Well known directory 'Bin': 'C:\Users\mrbob\Desktop\devsopserver\actions-runner\bin'
[2026-06-08 16:14:04Z INFO HostContext] Well known directory 'Root': 'C:\Users\mrbob\Desktop\devsopserver\actions-runner'
[2026-06-08 16:14:04Z INFO HostContext] Well known directory 'Work': 'C:\Users\mrbob\Desktop\devsopserver\actions-runner\_work'
[2026-06-08 16:14:14Z INFO HostContext] Well known directory 'Bin': 'C:\Users\mrbob\Desktop\devsopserver\actions-runner\bin'
[2026-06-08 16:14:14Z INFO HostContext] Well known directory 'Root': 'C:\Users\mrbob\Desktop\devsopserver\actions-runner'
[2026-06-08 16:14:14Z INFO HostContext] Well known directory 'Work': 'C:\Users\mrbob\Desktop\devsopserver\actions-runner\_work'
[2026-06-08 16:14:24Z INFO HostContext] Well known directory 'Bin': 'C:\Users\mrbob\Desktop\devsopserver\actions-runner\bin'
[2026-06-08 16:14:24Z INFO HostContext] Well known directory 'Root': 'C:\Users\mrbob\Desktop\devsopserver\actions-runner'
[2026-06-08 16:14:24Z INFO HostContext] Well known directory 'Work': 'C:\Users\mrbob\Desktop\devsopserver\actions-runner\_work'
[2026-06-08 16:14:34Z INFO HostContext] Well known directory 'Bin': 'C:\Users\mrbob\Desktop\devsopserver\actions-runner\bin'
[2026-06-08 16:14:34Z INFO HostContext] Well known directory 'Root': 'C:\Users\mrbob\Desktop\devsopserver\actions-runner'
[2026-06-08 16:14:34Z INFO HostContext] Well known directory 'Work': 'C:\Users\mrbob\Desktop\devsopserver\actions-runner\_work'
[2026-06-08 16:14:34Z INFO JobServerQueue] Stop aggressive process web console line queue.
[2026-06-08 16:14:44Z INFO HostContext] Well known directory 'Bin': 'C:\Users\mrbob\Desktop\devsopserver\actions-runner\bin'
[2026-06-08 16:14:44Z INFO HostContext] Well known directory 'Root': 'C:\Users\mrbob\Desktop\devsopserver\actions-runner'
[2026-06-08 16:14:44Z INFO HostContext] Well known directory 'Work': 'C:\Users\mrbob\Desktop\devsopserver\actions-runner\_work'
[2026-06-08 16:14:54Z INFO HostContext] Well known directory 'Bin': 'C:\Users\mrbob\Desktop\devsopserver\actions-runner\bin'
[2026-06-08 16:14:54Z INFO HostContext] Well known directory 'Root': 'C:\Users\mrbob\Desktop\devsopserver\actions-runner'
[2026-06-08 16:14:54Z INFO HostContext] Well known directory 'Work': 'C:\Users\mrbob\Desktop\devsopserver\actions-runner\_work'
[2026-06-08 16:15:04Z INFO HostContext] Well known directory 'Bin': 'C:\Users\mrbob\Desktop\devsopserver\actions-runner\bin'
[2026-06-08 16:15:04Z INFO HostContext] Well known directory 'Root': 'C:\Users\mrbob\Desktop\devsopserver\actions-runner'
[2026-06-08 16:15:04Z INFO HostContext] Well known directory 'Work': 'C:\Users\mrbob\Desktop\devsopserver\actions-runner\_work'
[2026-06-08 16:15:14Z INFO HostContext] Well known directory 'Bin': 'C:\Users\mrbob\Desktop\devsopserver\actions-runner\bin'
[2026-06-08 16:15:14Z INFO HostContext] Well known directory 'Root': 'C:\Users\mrbob\Desktop\devsopserver\actions-runner'
[2026-06-08 16:15:14Z INFO HostContext] Well known directory 'Work': 'C:\Users\mrbob\Desktop\devsopserver\actions-runner\_work'
[2026-06-08 16:15:24Z INFO HostContext] Well known directory 'Bin': 'C:\Users\mrbob\Desktop\devsopserver\actions-runner\bin'
[2026-06-08 16:15:24Z INFO HostContext] Well known directory 'Root': 'C:\Users\mrbob\Desktop\devsopserver\actions-runner'
[2026-06-08 16:15:24Z INFO HostContext] Well known directory 'Work': 'C:\Users\mrbob\Desktop\devsopserver\actions-runner\_work'
[2026-06-08 16:15:34Z INFO HostContext] Well known directory 'Bin': 'C:\Users\mrbob\Desktop\devsopserver\actions-runner\bin'
[2026-06-08 16:15:34Z INFO HostContext] Well known directory 'Root': 'C:\Users\mrbob\Desktop\devsopserver\actions-runner'
[2026-06-08 16:15:34Z INFO HostContext] Well known directory 'Work': 'C:\Users\mrbob\Desktop\devsopserver\actions-runner\_work'
[2026-06-08 16:15:44Z INFO HostContext] Well known directory 'Bin': 'C:\Users\mrbob\Desktop\devsopserver\actions-runner\bin'
[2026-06-08 16:15:44Z INFO HostContext] Well known directory 'Root': 'C:\Users\mrbob\Desktop\devsopserver\actions-runner'
[2026-06-08 16:15:44Z INFO HostContext] Well known directory 'Work': 'C:\Users\mrbob\Desktop\devsopserver\actions-runner\_work'
[2026-06-08 16:15:54Z INFO HostContext] Well known directory 'Bin': 'C:\Users\mrbob\Desktop\devsopserver\actions-runner\bin'
[2026-06-08 16:15:54Z INFO HostContext] Well known directory 'Root': 'C:\Users\mrbob\Desktop\devsopserver\actions-runner'
[2026-06-08 16:15:54Z INFO HostContext] Well known directory 'Work': 'C:\Users\mrbob\Desktop\devsopserver\actions-runner\_work'
[2026-06-08 16:15:55Z INFO JobServerQueue] Try to append 1 batches web console lines for record 'ae4a47a3-7dd3-45e8-afa8-c4b6d318222a', success rate: 1/1.
[2026-06-08 16:15:56Z INFO JobServerQueue] Try to append 1 batches web console lines for record 'ae4a47a3-7dd3-45e8-afa8-c4b6d318222a', success rate: 1/1.
[2026-06-08 16:15:57Z INFO ProcessInvokerWrapper] STDOUT/STDERR stream read finished.
[2026-06-08 16:15:57Z INFO ProcessInvokerWrapper] STDOUT/STDERR stream read finished.
[2026-06-08 16:15:57Z INFO ProcessInvokerWrapper] Finished process 8840 with exit code 0, and elapsed time 00:02:22.8397513.
[2026-06-08 16:15:57Z INFO CreateStepSummaryCommand] Step Summary file (C:\Users\mrbob\Desktop\devsopserver\actions-runner\_work\_temp\_runner_file_commands\step_summary_3f45d86d-10f7-4561-b89e-c26ae625c441) is empty; skipping attachment upload
[2026-06-08 16:15:57Z INFO StepsRunner] Step result: 
[2026-06-08 16:15:57Z INFO ExecutionContext] Publish step telemetry for current step {
  "action": "actions/checkout",
  "ref": "v4",
  "type": "node20",
  "stage": "Main",
  "stepId": "ae4a47a3-7dd3-45e8-afa8-c4b6d318222a",
  "stepContextName": "__actions_checkout",
  "hasPreStep": false,
  "hasPostStep": true,
  "result": "succeeded",
  "errorMessages": [],
  "executionTimeInSeconds": 143,
  "startTime": "2026-06-08T16:13:34.5733034Z",
  "finishTime": "2026-06-08T16:15:57.4773295Z"
}.
[2026-06-08 16:15:57Z INFO StepsRunner] No need for updating job result with current step result 'Succeeded'.
[2026-06-08 16:15:57Z INFO StepsRunner] Current state: job state = ''
[2026-06-08 16:15:57Z INFO StepsRunner] Processing step: DisplayName='Build Docker Image'
[2026-06-08 16:15:57Z INFO StepsRunner] Evaluating: success()
[2026-06-08 16:15:57Z INFO StepsRunner] Result: true
[2026-06-08 16:15:57Z INFO StepsRunner] Starting the step.
[2026-06-08 16:15:57Z INFO HostContext] Well known directory 'Bin': 'C:\Users\mrbob\Desktop\devsopserver\actions-runner\bin'
[2026-06-08 16:15:57Z INFO HostContext] Well known directory 'Root': 'C:\Users\mrbob\Desktop\devsopserver\actions-runner'
[2026-06-08 16:15:57Z INFO HostContext] Well known directory 'Work': 'C:\Users\mrbob\Desktop\devsopserver\actions-runner\_work'
[2026-06-08 16:15:57Z INFO StepsRunner] Which2: 'chcp'
[2026-06-08 16:15:57Z INFO StepsRunner] Location: 'C:\WINDOWS\system32\chcp.COM'
[2026-06-08 16:15:57Z INFO ProcessInvokerWrapper] Starting process:
[2026-06-08 16:15:57Z INFO ProcessInvokerWrapper]   File name: 'C:\WINDOWS\system32\chcp.COM'
[2026-06-08 16:15:57Z INFO ProcessInvokerWrapper]   Arguments: '65001'
[2026-06-08 16:15:57Z INFO ProcessInvokerWrapper]   Working directory: 'C:\Users\mrbob\Desktop\devsopserver\actions-runner\_work'
[2026-06-08 16:15:57Z INFO ProcessInvokerWrapper]   Require exit code zero: 'False'
[2026-06-08 16:15:57Z INFO ProcessInvokerWrapper]   Encoding web name:  ; code page: ''
[2026-06-08 16:15:57Z INFO ProcessInvokerWrapper]   Force kill process on cancellation: 'False'
[2026-06-08 16:15:57Z INFO ProcessInvokerWrapper]   Redirected STDIN: 'False'
[2026-06-08 16:15:57Z INFO ProcessInvokerWrapper]   Persist current code page: 'True'
[2026-06-08 16:15:57Z INFO ProcessInvokerWrapper]   Keep redirected STDIN open: 'False'
[2026-06-08 16:15:57Z INFO ProcessInvokerWrapper]   High priority process: 'False'
[2026-06-08 16:15:57Z INFO ProcessInvokerWrapper] Process started with process id 27448, waiting for process exit.
[2026-06-08 16:15:57Z INFO ProcessInvokerWrapper] STDOUT/STDERR stream read finished.
[2026-06-08 16:15:57Z INFO ProcessInvokerWrapper] STDOUT/STDERR stream read finished.
[2026-06-08 16:15:57Z INFO ProcessInvokerWrapper] Finished process 27448 with exit code 0, and elapsed time 00:00:00.0074590.
[2026-06-08 16:15:57Z INFO StepsRunner] Successfully returned to code page 65001 (UTF8)
[2026-06-08 16:15:57Z INFO HostContext] Well known directory 'Bin': 'C:\Users\mrbob\Desktop\devsopserver\actions-runner\bin'
[2026-06-08 16:15:57Z INFO HostContext] Well known directory 'Root': 'C:\Users\mrbob\Desktop\devsopserver\actions-runner'
[2026-06-08 16:15:57Z INFO HostContext] Well known directory 'Work': 'C:\Users\mrbob\Desktop\devsopserver\actions-runner\_work'
[2026-06-08 16:15:57Z INFO HostContext] Well known directory 'Temp': 'C:\Users\mrbob\Desktop\devsopserver\actions-runner\_work\_temp'
[2026-06-08 16:15:57Z INFO ExecutionContext] Write event payload to C:\Users\mrbob\Desktop\devsopserver\actions-runner\_work\_temp\_github_workflow\event.json
[2026-06-08 16:15:57Z INFO HostContext] Well known directory 'Bin': 'C:\Users\mrbob\Desktop\devsopserver\actions-runner\bin'
[2026-06-08 16:15:57Z INFO HostContext] Well known directory 'Root': 'C:\Users\mrbob\Desktop\devsopserver\actions-runner'
[2026-06-08 16:15:57Z INFO HostContext] Well known directory 'Work': 'C:\Users\mrbob\Desktop\devsopserver\actions-runner\_work'
[2026-06-08 16:15:57Z INFO HostContext] Well known directory 'Temp': 'C:\Users\mrbob\Desktop\devsopserver\actions-runner\_work\_temp'
[2026-06-08 16:15:57Z INFO ExtensionManager] Getting extensions for interface: 'GitHub.Runner.Worker.IFileCommandExtension'
[2026-06-08 16:15:57Z INFO ExtensionManager] Getting extensions for interface: 'GitHub.Runner.Worker.IActionCommandExtension'
[2026-06-08 16:15:57Z INFO ActionCommandManager] Register action command extension for command internal-set-repo-path
[2026-06-08 16:15:57Z INFO ActionCommandManager] Register action command extension for command set-env
[2026-06-08 16:15:57Z INFO ActionCommandManager] Register action command extension for command set-output
[2026-06-08 16:15:57Z INFO ActionCommandManager] Register action command extension for command save-state
[2026-06-08 16:15:57Z INFO ActionCommandManager] Register action command extension for command add-path
[2026-06-08 16:15:57Z INFO ActionCommandManager] Register action command extension for command add-mask
[2026-06-08 16:15:57Z INFO ActionCommandManager] Register action command extension for command add-matcher
[2026-06-08 16:15:57Z INFO ActionCommandManager] Register action command extension for command remove-matcher
[2026-06-08 16:15:57Z INFO ActionCommandManager] Register action command extension for command warning
[2026-06-08 16:15:57Z INFO ActionCommandManager] Register action command extension for command error
[2026-06-08 16:15:57Z INFO ActionCommandManager] Register action command extension for command notice
[2026-06-08 16:15:57Z INFO ActionCommandManager] Register action command extension for command debug
[2026-06-08 16:15:57Z INFO ActionCommandManager] Register action command extension for command group
[2026-06-08 16:15:57Z INFO ActionCommandManager] Register action command extension for command endgroup
[2026-06-08 16:15:57Z INFO ActionCommandManager] Register action command extension for command echo
[2026-06-08 16:15:57Z INFO ScriptHandler] Which2: 'pwsh'
[2026-06-08 16:15:57Z INFO ScriptHandler] pwsh: command not found. Make sure 'pwsh' is installed and its location included in the 'Path' environment variable.
[2026-06-08 16:15:57Z INFO ScriptHandler] Defaulting to powershell
[2026-06-08 16:15:57Z INFO ScriptHandler] Which2: 'powershell'
[2026-06-08 16:15:57Z INFO ScriptHandler] Location: 'C:\WINDOWS\System32\WindowsPowerShell\v1.0\powershell.EXE'
[2026-06-08 16:15:57Z INFO HostContext] Well known directory 'Bin': 'C:\Users\mrbob\Desktop\devsopserver\actions-runner\bin'
[2026-06-08 16:15:57Z INFO HostContext] Well known directory 'Root': 'C:\Users\mrbob\Desktop\devsopserver\actions-runner'
[2026-06-08 16:15:57Z INFO HostContext] Well known directory 'Work': 'C:\Users\mrbob\Desktop\devsopserver\actions-runner\_work'
[2026-06-08 16:15:57Z INFO HostContext] Well known directory 'Temp': 'C:\Users\mrbob\Desktop\devsopserver\actions-runner\_work\_temp'
[2026-06-08 16:15:57Z INFO ScriptHandler] Which2: 'pwsh'
[2026-06-08 16:15:57Z INFO ScriptHandler] pwsh: command not found. Make sure 'pwsh' is installed and its location included in the 'Path' environment variable.
[2026-06-08 16:15:57Z INFO ScriptHandler] Defaulting to powershell
[2026-06-08 16:15:57Z INFO ScriptHandler] Which2: 'powershell'
[2026-06-08 16:15:57Z INFO ScriptHandler] Location: 'C:\WINDOWS\System32\WindowsPowerShell\v1.0\powershell.EXE'
[2026-06-08 16:15:57Z INFO ProcessInvokerWrapper] Starting process:
[2026-06-08 16:15:57Z INFO ProcessInvokerWrapper]   File name: 'C:\WINDOWS\System32\WindowsPowerShell\v1.0\powershell.EXE'
[2026-06-08 16:15:57Z INFO ProcessInvokerWrapper]   Arguments: '-command ". 'C:\Users\mrbob\Desktop\devsopserver\actions-runner\_work\_temp\99887cb4-3410-4ea2-8c57-ad16e1fb0539.ps1'"'
[2026-06-08 16:15:57Z INFO ProcessInvokerWrapper]   Working directory: 'C:\Users\mrbob\Desktop\devsopserver\actions-runner\_work\devopsserver\devopsserver'
[2026-06-08 16:15:57Z INFO ProcessInvokerWrapper]   Require exit code zero: 'False'
[2026-06-08 16:15:57Z INFO ProcessInvokerWrapper]   Encoding web name:  ; code page: ''
[2026-06-08 16:15:57Z INFO ProcessInvokerWrapper]   Force kill process on cancellation: 'False'
[2026-06-08 16:15:57Z INFO ProcessInvokerWrapper]   Redirected STDIN: 'False'
[2026-06-08 16:15:57Z INFO ProcessInvokerWrapper]   Persist current code page: 'True'
[2026-06-08 16:15:57Z INFO ProcessInvokerWrapper]   Keep redirected STDIN open: 'False'
[2026-06-08 16:15:57Z INFO ProcessInvokerWrapper]   High priority process: 'False'
[2026-06-08 16:15:57Z INFO ProcessInvokerWrapper] Process started with process id 3320, waiting for process exit.
[2026-06-08 16:15:57Z INFO JobServerQueue] Try to append 1 batches web console lines for record 'ae4a47a3-7dd3-45e8-afa8-c4b6d318222a', success rate: 1/1.
[2026-06-08 16:15:57Z INFO JobServerQueue] Try to append 1 batches web console lines for record '7f1647c4-c6da-4509-b29f-7cec0bebb1b4', success rate: 1/1.
[2026-06-08 16:15:57Z INFO ProcessInvokerWrapper] STDOUT/STDERR stream read finished.
[2026-06-08 16:15:57Z INFO ProcessInvokerWrapper] STDOUT/STDERR stream read finished.
[2026-06-08 16:15:57Z INFO ProcessInvokerWrapper] Finished process 3320 with exit code 1, and elapsed time 00:00:00.2105231.
[2026-06-08 16:15:57Z INFO CreateStepSummaryCommand] Step Summary file (C:\Users\mrbob\Desktop\devsopserver\actions-runner\_work\_temp\_runner_file_commands\step_summary_5024762e-a958-4005-9301-e20181f4975f) is empty; skipping attachment upload
[2026-06-08 16:15:57Z INFO StepsRunner] Step result: Failed
[2026-06-08 16:15:57Z INFO ExecutionContext] Publish step telemetry for current step {
  "action": "powershell",
  "type": "run",
  "stage": "Main",
  "stepId": "7f1647c4-c6da-4509-b29f-7cec0bebb1b4",
  "stepContextName": "__run",
  "result": "failed",
  "errorMessages": [
    "Process completed with exit code 1."
  ],
  "executionTimeInSeconds": 1,
  "startTime": "2026-06-08T16:15:57.4782813Z",
  "finishTime": "2026-06-08T16:15:57.7214222Z"
}.
[2026-06-08 16:15:57Z INFO StepsRunner] Update job result with current step result 'Failed'.
[2026-06-08 16:15:57Z INFO StepsRunner] Current state: job state = 'Failed'
[2026-06-08 16:15:57Z INFO StepsRunner] Processing step: DisplayName='Cleanup Old Container'
[2026-06-08 16:15:57Z INFO StepsRunner] Evaluating: success()
[2026-06-08 16:15:57Z INFO StepsRunner] Result: false
[2026-06-08 16:15:57Z INFO StepsRunner] Skipping step due to condition evaluation.
[2026-06-08 16:15:57Z INFO StepsRunner] No need for updating job result with current step result 'Skipped'.
[2026-06-08 16:15:57Z INFO StepsRunner] Current state: job state = 'Failed'
[2026-06-08 16:15:57Z INFO StepsRunner] Processing step: DisplayName='Run New Container'
[2026-06-08 16:15:57Z INFO StepsRunner] Evaluating: success()
[2026-06-08 16:15:57Z INFO StepsRunner] Result: false
[2026-06-08 16:15:57Z INFO StepsRunner] Skipping step due to condition evaluation.
[2026-06-08 16:15:57Z INFO StepsRunner] No need for updating job result with current step result 'Skipped'.
[2026-06-08 16:15:57Z INFO StepsRunner] Current state: job state = 'Failed'
[2026-06-08 16:15:57Z INFO StepsRunner] Processing step: DisplayName='Post Checkout Code'
[2026-06-08 16:15:57Z INFO StepsRunner] Evaluating: always()
[2026-06-08 16:15:57Z INFO StepsRunner] Result: true
[2026-06-08 16:15:57Z INFO StepsRunner] Starting the step.
[2026-06-08 16:15:57Z INFO HostContext] Well known directory 'Bin': 'C:\Users\mrbob\Desktop\devsopserver\actions-runner\bin'
[2026-06-08 16:15:57Z INFO HostContext] Well known directory 'Root': 'C:\Users\mrbob\Desktop\devsopserver\actions-runner'
[2026-06-08 16:15:57Z INFO HostContext] Well known directory 'Work': 'C:\Users\mrbob\Desktop\devsopserver\actions-runner\_work'
[2026-06-08 16:15:57Z INFO StepsRunner] Which2: 'chcp'
[2026-06-08 16:15:57Z INFO StepsRunner] Location: 'C:\WINDOWS\system32\chcp.COM'
[2026-06-08 16:15:57Z INFO ProcessInvokerWrapper] Starting process:
[2026-06-08 16:15:57Z INFO ProcessInvokerWrapper]   File name: 'C:\WINDOWS\system32\chcp.COM'
[2026-06-08 16:15:57Z INFO ProcessInvokerWrapper]   Arguments: '65001'
[2026-06-08 16:15:57Z INFO ProcessInvokerWrapper]   Working directory: 'C:\Users\mrbob\Desktop\devsopserver\actions-runner\_work'
[2026-06-08 16:15:57Z INFO ProcessInvokerWrapper]   Require exit code zero: 'False'
[2026-06-08 16:15:57Z INFO ProcessInvokerWrapper]   Encoding web name:  ; code page: ''
[2026-06-08 16:15:57Z INFO ProcessInvokerWrapper]   Force kill process on cancellation: 'False'
[2026-06-08 16:15:57Z INFO ProcessInvokerWrapper]   Redirected STDIN: 'False'
[2026-06-08 16:15:57Z INFO ProcessInvokerWrapper]   Persist current code page: 'True'
[2026-06-08 16:15:57Z INFO ProcessInvokerWrapper]   Keep redirected STDIN open: 'False'
[2026-06-08 16:15:57Z INFO ProcessInvokerWrapper]   High priority process: 'False'
[2026-06-08 16:15:57Z INFO ProcessInvokerWrapper] Process started with process id 24768, waiting for process exit.
[2026-06-08 16:15:57Z INFO ProcessInvokerWrapper] STDOUT/STDERR stream read finished.
[2026-06-08 16:15:57Z INFO ProcessInvokerWrapper] STDOUT/STDERR stream read finished.
[2026-06-08 16:15:57Z INFO ProcessInvokerWrapper] Finished process 24768 with exit code 0, and elapsed time 00:00:00.0072330.
[2026-06-08 16:15:57Z INFO StepsRunner] Successfully returned to code page 65001 (UTF8)
[2026-06-08 16:15:57Z INFO HostContext] Well known directory 'Bin': 'C:\Users\mrbob\Desktop\devsopserver\actions-runner\bin'
[2026-06-08 16:15:57Z INFO HostContext] Well known directory 'Root': 'C:\Users\mrbob\Desktop\devsopserver\actions-runner'
[2026-06-08 16:15:57Z INFO HostContext] Well known directory 'Work': 'C:\Users\mrbob\Desktop\devsopserver\actions-runner\_work'
[2026-06-08 16:15:57Z INFO HostContext] Well known directory 'Actions': 'C:\Users\mrbob\Desktop\devsopserver\actions-runner\_work\_actions'
[2026-06-08 16:15:57Z INFO ActionManager] Load action that reference repository from 'C:\Users\mrbob\Desktop\devsopserver\actions-runner\_work\_actions\actions\checkout\v4'
[2026-06-08 16:15:57Z INFO HostContext] Well known directory 'Bin': 'C:\Users\mrbob\Desktop\devsopserver\actions-runner\bin'
[2026-06-08 16:15:57Z INFO HostContext] Well known directory 'Root': 'C:\Users\mrbob\Desktop\devsopserver\actions-runner'
[2026-06-08 16:15:57Z INFO HostContext] Well known directory 'Work': 'C:\Users\mrbob\Desktop\devsopserver\actions-runner\_work'
[2026-06-08 16:15:57Z INFO HostContext] Well known directory 'Actions': 'C:\Users\mrbob\Desktop\devsopserver\actions-runner\_work\_actions'
[2026-06-08 16:15:57Z INFO ActionManifestManagerLegacy] Loaded action.yml file: {
  "name": "Checkout",
  "description": "Checkout a Git repository at a particular version",
  "inputs": {
    "type": 2,
    "map": [
      {
        "key": {
          "type": 0,
          "file": 2,
          "line": 4,
          "col": 3,
          "lit": "repository"
        },
        "value": {
          "type": 3,
          "file": 2,
          "line": 6,
          "col": 14,
          "expr": "github.repository"
        }
      },
      {
        "key": {
          "type": 0,
          "file": 2,
          "line": 7,
          "col": 3,
          "lit": "ref"
        },
        "value": ""
      },
      {
        "key": {
          "type": 0,
          "file": 2,
          "line": 12,
          "col": 3,
          "lit": "token"
        },
        "value": {
          "type": 3,
          "file": 2,
          "line": 24,
          "col": 14,
          "expr": "github.token"
        }
      },
      {
        "key": {
          "type": 0,
          "file": 2,
          "line": 25,
          "col": 3,
          "lit": "ssh-key"
        },
        "value": ""
      },
      {
        "key": {
          "type": 0,
          "file": 2,
          "line": 37,
          "col": 3,
          "lit": "ssh-known-hosts"
        },
        "value": ""
      },
      {
        "key": {
          "type": 0,
          "file": 2,
          "line": 42,
          "col": 3,
          "lit": "ssh-strict"
        },
        "value": {
          "type": 0,
          "file": 2,
          "line": 47,
          "col": 14,
          "lit": "true"
        }
      },
      {
        "key": {
          "type": 0,
          "file": 2,
          "line": 48,
          "col": 3,
          "lit": "ssh-user"
        },
        "value": {
          "type": 0,
          "file": 2,
          "line": 51,
          "col": 14,
          "lit": "git"
        }
      },
      {
        "key": {
          "type": 0,
          "file": 2,
          "line": 52,
          "col": 3,
          "lit": "persist-credentials"
        },
        "value": {
          "type": 0,
          "file": 2,
          "line": 54,
          "col": 14,
          "lit": "true"
        }
      },
      {
        "key": {
          "type": 0,
          "file": 2,
          "line": 55,
          "col": 3,
          "lit": "path"
        },
        "value": ""
      },
      {
        "key": {
          "type": 0,
          "file": 2,
          "line": 57,
          "col": 3,
          "lit": "clean"
        },
        "value": {
          "type": 0,
          "file": 2,
          "line": 59,
          "col": 14,
          "lit": "true"
        }
      },
      {
        "key": {
          "type": 0,
          "file": 2,
          "line": 60,
          "col": 3,
          "lit": "filter"
        },
        "value": {
          "type": 0,
          "file": 2,
          "line": 64,
          "col": 14,
          "lit": ""
        }
      },
      {
        "key": {
          "type": 0,
          "file": 2,
          "line": 65,
          "col": 3,
          "lit": "sparse-checkout"
        },
        "value": {
          "type": 0,
          "file": 2,
          "line": 69,
          "col": 14,
          "lit": ""
        }
      },
      {
        "key": {
          "type": 0,
          "file": 2,
          "line": 70,
          "col": 3,
          "lit": "sparse-checkout-cone-mode"
        },
        "value": {
          "type": 0,
          "file": 2,
          "line": 73,
          "col": 14,
          "lit": "true"
        }
      },
      {
        "key": {
          "type": 0,
          "file": 2,
          "line": 74,
          "col": 3,
          "lit": "fetch-depth"
        },
        "value": {
          "type": 0,
          "file": 2,
          "line": 76,
          "col": 14,
          "lit": "1"
        }
      },
      {
        "key": {
          "type": 0,
          "file": 2,
          "line": 77,
          "col": 3,
          "lit": "fetch-tags"
        },
        "value": {
          "type": 0,
          "file": 2,
          "line": 79,
          "col": 14,
          "lit": "false"
        }
      },
      {
        "key": {
          "type": 0,
          "file": 2,
          "line": 80,
          "col": 3,
          "lit": "show-progress"
        },
        "value": {
          "type": 0,
          "file": 2,
          "line": 82,
          "col": 14,
          "lit": "true"
        }
      },
      {
        "key": {
          "type": 0,
          "file": 2,
          "line": 83,
          "col": 3,
          "lit": "lfs"
        },
        "value": {
          "type": 0,
          "file": 2,
          "line": 85,
          "col": 14,
          "lit": "false"
        }
      },
      {
        "key": {
          "type": 0,
          "file": 2,
          "line": 86,
          "col": 3,
          "lit": "submodules"
        },
        "value": {
          "type": 0,
          "file": 2,
          "line": 94,
          "col": 14,
          "lit": "false"
        }
      },
      {
        "key": {
          "type": 0,
          "file": 2,
          "line": 95,
          "col": 3,
          "lit": "set-safe-directory"
        },
        "value": {
          "type": 0,
          "file": 2,
          "line": 97,
          "col": 14,
          "lit": "true"
        }
      },
      {
        "key": {
          "type": 0,
          "file": 2,
          "line": 98,
          "col": 3,
          "lit": "github-server-url"
        },
        "value": ""
      }
    ]
  },
  "execution": {
    "executionType": "nodeJS",
    "hasPre": false,
    "hasPost": true,
    "script": "dist/index.js",
    "pre": null,
    "post": "dist/index.js",
    "nodeVersion": "node20",
    "cleanupCondition": "always()",
    "initCondition": "always()"
  },
  "deprecated": null
}
[2026-06-08 16:15:57Z INFO ActionManager] Action pre node.js file: N/A.
[2026-06-08 16:15:57Z INFO ActionManager] Action node.js file: dist/index.js.
[2026-06-08 16:15:57Z INFO ActionManager] Action post node.js file: dist/index.js.
[2026-06-08 16:15:57Z INFO HostContext] Well known directory 'Bin': 'C:\Users\mrbob\Desktop\devsopserver\actions-runner\bin'
[2026-06-08 16:15:57Z INFO HostContext] Well known directory 'Root': 'C:\Users\mrbob\Desktop\devsopserver\actions-runner'
[2026-06-08 16:15:57Z INFO HostContext] Well known directory 'Work': 'C:\Users\mrbob\Desktop\devsopserver\actions-runner\_work'
[2026-06-08 16:15:57Z INFO HostContext] Well known directory 'Temp': 'C:\Users\mrbob\Desktop\devsopserver\actions-runner\_work\_temp'
[2026-06-08 16:15:57Z INFO ExecutionContext] Write event payload to C:\Users\mrbob\Desktop\devsopserver\actions-runner\_work\_temp\_github_workflow\event.json
[2026-06-08 16:15:57Z INFO HostContext] Well known directory 'Bin': 'C:\Users\mrbob\Desktop\devsopserver\actions-runner\bin'
[2026-06-08 16:15:57Z INFO HostContext] Well known directory 'Root': 'C:\Users\mrbob\Desktop\devsopserver\actions-runner'
[2026-06-08 16:15:57Z INFO HostContext] Well known directory 'Work': 'C:\Users\mrbob\Desktop\devsopserver\actions-runner\_work'
[2026-06-08 16:15:57Z INFO HostContext] Well known directory 'Temp': 'C:\Users\mrbob\Desktop\devsopserver\actions-runner\_work\_temp'
[2026-06-08 16:15:57Z INFO ExtensionManager] Getting extensions for interface: 'GitHub.Runner.Worker.IFileCommandExtension'
[2026-06-08 16:15:57Z INFO ActionManifestManagerLegacy] Input 'repository': default value evaluate result: {
  "type": 0,
  "file": 2,
  "line": 6,
  "col": 14,
  "lit": "oeunchhinh-ux/devopsserver"
}
[2026-06-08 16:15:57Z INFO ActionManifestManagerLegacy] Input 'ref': default value evaluate result: ""
[2026-06-08 16:15:57Z INFO ActionManifestManagerLegacy] Input 'token': default value evaluate result: {
  "type": 0,
  "file": 2,
  "line": 24,
  "col": 14,
  "lit": "***"
}
[2026-06-08 16:15:57Z INFO ActionManifestManagerLegacy] Input 'ssh-key': default value evaluate result: ""
[2026-06-08 16:15:57Z INFO ActionManifestManagerLegacy] Input 'ssh-known-hosts': default value evaluate result: ""
[2026-06-08 16:15:57Z INFO ActionManifestManagerLegacy] Input 'ssh-strict': default value evaluate result: {
  "type": 0,
  "file": 2,
  "line": 47,
  "col": 14,
  "lit": "true"
}
[2026-06-08 16:15:57Z INFO ActionManifestManagerLegacy] Input 'ssh-user': default value evaluate result: {
  "type": 0,
  "file": 2,
  "line": 51,
  "col": 14,
  "lit": "git"
}
[2026-06-08 16:15:57Z INFO ActionManifestManagerLegacy] Input 'persist-credentials': default value evaluate result: {
  "type": 0,
  "file": 2,
  "line": 54,
  "col": 14,
  "lit": "true"
}
[2026-06-08 16:15:57Z INFO ActionManifestManagerLegacy] Input 'path': default value evaluate result: ""
[2026-06-08 16:15:57Z INFO ActionManifestManagerLegacy] Input 'clean': default value evaluate result: {
  "type": 0,
  "file": 2,
  "line": 59,
  "col": 14,
  "lit": "true"
}
[2026-06-08 16:15:57Z INFO ActionManifestManagerLegacy] Input 'filter': default value evaluate result: {
  "type": 0,
  "file": 2,
  "line": 64,
  "col": 14,
  "lit": ""
}
[2026-06-08 16:15:57Z INFO ActionManifestManagerLegacy] Input 'sparse-checkout': default value evaluate result: {
  "type": 0,
  "file": 2,
  "line": 69,
  "col": 14,
  "lit": ""
}
[2026-06-08 16:15:57Z INFO ActionManifestManagerLegacy] Input 'sparse-checkout-cone-mode': default value evaluate result: {
  "type": 0,
  "file": 2,
  "line": 73,
  "col": 14,
  "lit": "true"
}
[2026-06-08 16:15:57Z INFO ActionManifestManagerLegacy] Input 'fetch-depth': default value evaluate result: {
  "type": 0,
  "file": 2,
  "line": 76,
  "col": 14,
  "lit": "1"
}
[2026-06-08 16:15:57Z INFO ActionManifestManagerLegacy] Input 'fetch-tags': default value evaluate result: {
  "type": 0,
  "file": 2,
  "line": 79,
  "col": 14,
  "lit": "false"
}
[2026-06-08 16:15:57Z INFO ActionManifestManagerLegacy] Input 'show-progress': default value evaluate result: {
  "type": 0,
  "file": 2,
  "line": 82,
  "col": 14,
  "lit": "true"
}
[2026-06-08 16:15:57Z INFO ActionManifestManagerLegacy] Input 'lfs': default value evaluate result: {
  "type": 0,
  "file": 2,
  "line": 85,
  "col": 14,
  "lit": "false"
}
[2026-06-08 16:15:57Z INFO ActionManifestManagerLegacy] Input 'submodules': default value evaluate result: {
  "type": 0,
  "file": 2,
  "line": 94,
  "col": 14,
  "lit": "false"
}
[2026-06-08 16:15:57Z INFO ActionManifestManagerLegacy] Input 'set-safe-directory': default value evaluate result: {
  "type": 0,
  "file": 2,
  "line": 97,
  "col": 14,
  "lit": "true"
}
[2026-06-08 16:15:57Z INFO ActionManifestManagerLegacy] Input 'github-server-url': default value evaluate result: ""
[2026-06-08 16:15:57Z INFO ExtensionManager] Getting extensions for interface: 'GitHub.Runner.Worker.IActionCommandExtension'
[2026-06-08 16:15:57Z INFO ActionCommandManager] Register action command extension for command internal-set-repo-path
[2026-06-08 16:15:57Z INFO ActionCommandManager] Register action command extension for command set-env
[2026-06-08 16:15:57Z INFO ActionCommandManager] Register action command extension for command set-output
[2026-06-08 16:15:57Z INFO ActionCommandManager] Register action command extension for command save-state
[2026-06-08 16:15:57Z INFO ActionCommandManager] Register action command extension for command add-path
[2026-06-08 16:15:57Z INFO ActionCommandManager] Register action command extension for command add-mask
[2026-06-08 16:15:57Z INFO ActionCommandManager] Register action command extension for command add-matcher
[2026-06-08 16:15:57Z INFO ActionCommandManager] Register action command extension for command remove-matcher
[2026-06-08 16:15:57Z INFO ActionCommandManager] Register action command extension for command warning
[2026-06-08 16:15:57Z INFO ActionCommandManager] Register action command extension for command error
[2026-06-08 16:15:57Z INFO ActionCommandManager] Register action command extension for command notice
[2026-06-08 16:15:57Z INFO ActionCommandManager] Register action command extension for command debug
[2026-06-08 16:15:57Z INFO ActionCommandManager] Register action command extension for command group
[2026-06-08 16:15:57Z INFO ActionCommandManager] Register action command extension for command endgroup
[2026-06-08 16:15:57Z INFO ActionCommandManager] Register action command extension for command echo
[2026-06-08 16:15:57Z INFO HostContext] Well known directory 'Bin': 'C:\Users\mrbob\Desktop\devsopserver\actions-runner\bin'
[2026-06-08 16:15:57Z INFO HostContext] Well known directory 'Root': 'C:\Users\mrbob\Desktop\devsopserver\actions-runner'
[2026-06-08 16:15:57Z INFO HostContext] Well known directory 'Externals': 'C:\Users\mrbob\Desktop\devsopserver\actions-runner\externals'
[2026-06-08 16:15:57Z INFO ProcessInvokerWrapper] Starting process:
[2026-06-08 16:15:57Z INFO ProcessInvokerWrapper]   File name: 'C:\Users\mrbob\Desktop\devsopserver\actions-runner\externals\node20\bin\node.exe'
[2026-06-08 16:15:57Z INFO ProcessInvokerWrapper]   Arguments: '"C:\Users\mrbob\Desktop\devsopserver\actions-runner\_work\_actions\actions\checkout\v4\dist/index.js"'
[2026-06-08 16:15:57Z INFO ProcessInvokerWrapper]   Working directory: 'C:\Users\mrbob\Desktop\devsopserver\actions-runner\_work\devopsserver\devopsserver'
[2026-06-08 16:15:57Z INFO ProcessInvokerWrapper]   Require exit code zero: 'False'
[2026-06-08 16:15:57Z INFO ProcessInvokerWrapper]   Encoding web name: utf-8 ; code page: '65001'
[2026-06-08 16:15:57Z INFO ProcessInvokerWrapper]   Force kill process on cancellation: 'False'
[2026-06-08 16:15:57Z INFO ProcessInvokerWrapper]   Redirected STDIN: 'False'
[2026-06-08 16:15:57Z INFO ProcessInvokerWrapper]   Persist current code page: 'True'
[2026-06-08 16:15:57Z INFO ProcessInvokerWrapper]   Keep redirected STDIN open: 'False'
[2026-06-08 16:15:57Z INFO ProcessInvokerWrapper]   High priority process: 'False'
[2026-06-08 16:15:57Z INFO ProcessInvokerWrapper] Process started with process id 26452, waiting for process exit.
[2026-06-08 16:15:57Z INFO AddMaskCommandExtension] Add new secret mask with length of 32
[2026-06-08 16:15:57Z INFO JobServerQueue] Got a step log file to send to results service.
[2026-06-08 16:15:57Z INFO JobServerQueue] Starting upload of step log file to results service ResultsLog, C:\Users\mrbob\Desktop\devsopserver\actions-runner\_diag\blocks\e60771bb-87bf-4121-af73-81fa25a42a06_ae4a47a3-7dd3-45e8-afa8-c4b6d318222a.1
[2026-06-08 16:15:58Z INFO JobServerQueue] Try to append 1 batches web console lines for record '7f1647c4-c6da-4509-b29f-7cec0bebb1b4', success rate: 1/1.
[2026-06-08 16:15:58Z INFO JobServerQueue] Try to append 1 batches web console lines for record '8fbdaf22-a4c7-4e39-be70-c55da78530ad', success rate: 1/1.
[2026-06-08 16:15:58Z INFO JobServerQueue] Try to upload 2 log files or attachments, success rate: 2/2.
[2026-06-08 16:15:58Z INFO JobServerQueue] Try to append 1 batches web console lines for record '8fbdaf22-a4c7-4e39-be70-c55da78530ad', success rate: 1/1.
[2026-06-08 16:15:59Z INFO JobServerQueue] Try to append 1 batches web console lines for record '8fbdaf22-a4c7-4e39-be70-c55da78530ad', success rate: 1/1.
[2026-06-08 16:15:59Z INFO ProcessInvokerWrapper] STDOUT/STDERR stream read finished.
[2026-06-08 16:15:59Z INFO ProcessInvokerWrapper] STDOUT/STDERR stream read finished.
[2026-06-08 16:15:59Z INFO ProcessInvokerWrapper] Finished process 26452 with exit code 0, and elapsed time 00:00:02.0870580.
[2026-06-08 16:15:59Z INFO CreateStepSummaryCommand] Step Summary file (C:\Users\mrbob\Desktop\devsopserver\actions-runner\_work\_temp\_runner_file_commands\step_summary_e10d5d87-ae60-402a-a162-45733ee072ad) is empty; skipping attachment upload
[2026-06-08 16:15:59Z INFO StepsRunner] Step result: 
[2026-06-08 16:15:59Z INFO ExecutionContext] Publish step telemetry for current step {
  "action": "actions/checkout",
  "ref": "v4",
  "type": "node20",
  "stage": "Post",
  "stepId": "8fbdaf22-a4c7-4e39-be70-c55da78530ad",
  "result": "succeeded",
  "errorMessages": [],
  "executionTimeInSeconds": 3,
  "startTime": "2026-06-08T16:15:57.7237039Z",
  "finishTime": "2026-06-08T16:15:59.8294294Z"
}.
[2026-06-08 16:15:59Z INFO StepsRunner] No need for updating job result with current step result 'Succeeded'.
[2026-06-08 16:15:59Z INFO StepsRunner] Current state: job state = 'Failed'
[2026-06-08 16:15:59Z INFO JobRunner] Finalize job.
[2026-06-08 16:15:59Z INFO HostContext] Well known directory 'Bin': 'C:\Users\mrbob\Desktop\devsopserver\actions-runner\bin'
[2026-06-08 16:15:59Z INFO HostContext] Well known directory 'Root': 'C:\Users\mrbob\Desktop\devsopserver\actions-runner'
[2026-06-08 16:15:59Z INFO HostContext] Well known directory 'Diag': 'C:\Users\mrbob\Desktop\devsopserver\actions-runner\_diag'
[2026-06-08 16:15:59Z INFO HostContext] Well known directory 'Bin': 'C:\Users\mrbob\Desktop\devsopserver\actions-runner\bin'
[2026-06-08 16:15:59Z INFO HostContext] Well known directory 'Root': 'C:\Users\mrbob\Desktop\devsopserver\actions-runner'
[2026-06-08 16:15:59Z INFO HostContext] Well known directory 'Diag': 'C:\Users\mrbob\Desktop\devsopserver\actions-runner\_diag'
[2026-06-08 16:15:59Z INFO JobExtension] Initialize Env context
[2026-06-08 16:15:59Z INFO JobExtension] Initialize steps context
[2026-06-08 16:15:59Z INFO JobExtension] Total accessible running process: 327.
[2026-06-08 16:15:59Z INFO JobExtension] Inspecting process environment variables. PID: 23972 (MoUsoCoreWorker)
[2026-06-08 16:15:59Z WARN JobExtension] Ignore exception during read process environment variables: Access is denied.
[2026-06-08 16:15:59Z INFO JobExtension] Inspecting process environment variables. PID: 18660 (svchost)
[2026-06-08 16:15:59Z WARN JobExtension] Ignore exception during read process environment variables: Access is denied.
[2026-06-08 16:15:59Z INFO JobExtension] Inspecting process environment variables. PID: 21020 (svchost)
[2026-06-08 16:15:59Z WARN JobExtension] Ignore exception during read process environment variables: Access is denied.
[2026-06-08 16:15:59Z INFO JobExtension] Inspecting process environment variables. PID: 26664 (svchost)
[2026-06-08 16:15:59Z WARN JobExtension] Ignore exception during read process environment variables: Access is denied.
[2026-06-08 16:15:59Z INFO JobExtension] Inspecting process environment variables. PID: 19812 (svchost)
[2026-06-08 16:15:59Z WARN JobExtension] Ignore exception during read process environment variables: Access is denied.
[2026-06-08 16:15:59Z INFO JobExtension] Inspecting process environment variables. PID: 20028 (smartscreen)
[2026-06-08 16:15:59Z INFO JobExtension] Inspecting process environment variables. PID: 20020 (docker)
[2026-06-08 16:15:59Z INFO JobExtension] Inspecting process environment variables. PID: 18536 (conhost)
[2026-06-08 16:15:59Z INFO JobExtension] Inspecting process environment variables. PID: 1496 (dllhost)
[2026-06-08 16:15:59Z INFO JobExtension] Wait for all connectivity checks to finish.
[2026-06-08 16:15:59Z INFO JobExtension] Connectivity check result: GitHub.Runner.Worker.JobExtension+CheckResult
[2026-06-08 16:15:59Z INFO JobExtension] Connectivity check result: GitHub.Runner.Worker.JobExtension+CheckResult
[2026-06-08 16:15:59Z INFO JobExtension] Connectivity check result: GitHub.Runner.Worker.JobExtension+CheckResult
[2026-06-08 16:15:59Z INFO ExecutionContext] Publish step telemetry for current step {
  "action": "complete_job",
  "type": "runner",
  "stage": "Post",
  "stepId": "9e03af65-dc01-461b-9b26-43275edce3fe",
  "result": "succeeded",
  "errorMessages": [
    "Node.js 20 actions are deprecated. The following actions are running on Node.js 20 and may not work as expected: actions/checkout@v4. Actions will be forced to run with Node.js 24 by default starting June 16th, 2026. Node.js 20 will be removed from the run"
  ],
  "executionTimeInSeconds": 1,
  "startTime": "2026-06-08T16:15:59.833243Z",
  "finishTime": "2026-06-08T16:15:59.8666101Z"
}.
[2026-06-08 16:15:59Z INFO JobRunner] Job result after all job steps finish: Failed
[2026-06-08 16:15:59Z INFO JobRunner] Completing the job execution context.
[2026-06-08 16:15:59Z INFO JobRunner] Shutting down the job server queue.
[2026-06-08 16:15:59Z INFO JobServerQueue] Fire signal to shutdown all queues.
[2026-06-08 16:16:01Z INFO JobServerQueue] Got a step log file to send to results service.
[2026-06-08 16:16:01Z INFO JobServerQueue] Starting upload of step log file to results service ResultsLog, C:\Users\mrbob\Desktop\devsopserver\actions-runner\_diag\blocks\e60771bb-87bf-4121-af73-81fa25a42a06_7f1647c4-c6da-4509-b29f-7cec0bebb1b4.1
[2026-06-08 16:16:03Z INFO JobServerQueue] Tried to upload 2 file(s) to results, success rate: 2/2.
[2026-06-08 16:16:04Z INFO JobServerQueue] All queue process task stopped.
[2026-06-08 16:16:04Z INFO JobServerQueue] Try to append 1 batches web console lines for record '9e03af65-dc01-461b-9b26-43275edce3fe', success rate: 1/1.
[2026-06-08 16:16:04Z INFO JobServerQueue] Web console line queue drained.
[2026-06-08 16:16:04Z INFO JobServerQueue] Uploading 3 files in one shot.
[2026-06-08 16:16:04Z INFO JobServerQueue] Try to upload 3 log files or attachments, success rate: 3/3.
[2026-06-08 16:16:04Z INFO JobServerQueue] File upload queue drained.
[2026-06-08 16:16:04Z INFO JobServerQueue] Starting results-based upload queue...
[2026-06-08 16:16:04Z INFO JobServerQueue] Uploading 3 file(s) in one shot through results service.
[2026-06-08 16:16:04Z INFO JobServerQueue] Got a step log file to send to results service.
[2026-06-08 16:16:04Z INFO JobServerQueue] Starting upload of step log file to results service ResultsLog, C:\Users\mrbob\Desktop\devsopserver\actions-runner\_diag\blocks\e60771bb-87bf-4121-af73-81fa25a42a06_8fbdaf22-a4c7-4e39-be70-c55da78530ad.1
[2026-06-08 16:16:05Z INFO JobServerQueue] Got a step log file to send to results service.
[2026-06-08 16:16:05Z INFO JobServerQueue] Starting upload of step log file to results service ResultsLog, C:\Users\mrbob\Desktop\devsopserver\actions-runner\_diag\blocks\e60771bb-87bf-4121-af73-81fa25a42a06_9e03af65-dc01-461b-9b26-43275edce3fe.1
[2026-06-08 16:16:06Z INFO JobServerQueue] Got a job log file to send to results service.
[2026-06-08 16:16:06Z INFO JobServerQueue] Starting upload of job log file to results service ResultsLog, C:\Users\mrbob\Desktop\devsopserver\actions-runner\_diag\blocks\e60771bb-87bf-4121-af73-81fa25a42a06_b03823ef-e5c8-5ea7-af8a-fa0d4a0d205e.1
[2026-06-08 16:16:08Z INFO JobServerQueue] Tried to upload 3 file(s) to results, success rate: 3/3.
[2026-06-08 16:16:08Z INFO JobServerQueue] Results upload queue drained.
[2026-06-08 16:16:09Z INFO JobServerQueue] Timeline update queue drained.
[2026-06-08 16:16:09Z INFO JobServerQueue] Disposing job server ...
[2026-06-08 16:16:09Z INFO JobServerQueue] Disposing results server ...
[2026-06-08 16:16:09Z INFO JobServerQueue] All queue process tasks have been stopped, and all queues are drained.
[2026-06-08 16:16:09Z INFO TempDirectoryManager] Cleaning runner temp folder: C:\Users\mrbob\Desktop\devsopserver\actions-runner\_work\_temp
[2026-06-08 16:16:09Z INFO HostContext] Well known directory 'Bin': 'C:\Users\mrbob\Desktop\devsopserver\actions-runner\bin'
[2026-06-08 16:16:09Z INFO HostContext] Well known directory 'Root': 'C:\Users\mrbob\Desktop\devsopserver\actions-runner'
[2026-06-08 16:16:09Z INFO HostContext] Well known directory 'Diag': 'C:\Users\mrbob\Desktop\devsopserver\actions-runner\_diag'
[2026-06-08 16:16:09Z INFO HostContext] Well known config file 'Telemetry': 'C:\Users\mrbob\Desktop\devsopserver\actions-runner\_diag\.telemetry'
[2026-06-08 16:16:09Z INFO JobRunner] Raising job completed against run service
[2026-06-08 16:16:10Z INFO Worker] Job completed.
